Workbook

Sheet Fig 4
A10: Sheet | B10: Description
A11: Absolute values | B11: Data displayed in Fig 4 Results sensitivity to choice of IAM-SSP-RCP Results are displayed in absolute terms (unit)
A12: Values relative to IAM | B12: Data displayed in Fig 4 Results sensitivity to choice of IAM-SSP-RCP Results are displayed in relative terms (% of resource in underlying scenario)

Sheet Absolute values
B1: Electricity (kWh) | F1: Biomass (MJ) | J1: Land occupation (mega-km2) | N1: Freshwater withdrawal (km3) | R1: Direct air capture (MtCO2)
A2: Scenarios | B2: REMIND SSP2-RCP2.6 | C2: REMIND SSP1-RCP2.9 | D2: REMIND SSP2-NPi | E2: IMAGE SSP2-RCP2.6 | F2: REMIND SSP2-RCP2.6 | G2: REMIND SSP1-RCP2.9 | H2: REMIND SSP2-NPi | I2: IMAGE SSP2-RCP2.6 | J2: REMIND SSP2-RCP2.6 | K2: REMIND SSP1-RCP2.9 | L2: REMIND SSP2-NPi | M2: IMAGE SSP2-RCP2.6 | N2: REMIND SSP2-RCP2.6 | O2: REMIND SSP1-RCP2.9 | P2: REMIND SSP2-NPi | Q2: IMAGE SSP2-RCP2.6 | R2: REMIND SSP2-RCP2.6 | S2: REMIND SSP1-RCP2.9 | T2: REMIND SSP2-NPi | U2: IMAGE SSP2-RCP2.6
A3: Baseline | B3: 70000000000 | C3: 70000000000 | D3: 60000000000 | E3: 50000000000 | F3: 0 | G3: 0 | H3: 0 | I3: 0 | J3: 0.01 | K3: 0.01 | L3: 0.01 | M3: 0.01 | N3: 6.55 | O3: 7.35 | P3: 6.66 | Q3: 7.59 | R3: 0 | S3: 0 | T3: 0 | U3: 0
A4: Roadmap-70 | B4: 1440000000000 | C4: 1450000000000 | D4: 1360000000000 | E4: 1230000000000 | F4: 4660000000000 | G4: 4660000000000 | H4: 4660000000000 | I4: 4660000000000 | J4: 0.66 | K4: 0.71 | L4: 0.69 | M4: 0.85 | N4: 14.91 | O4: 19.57 | P4: 17.59 | Q4: 52.17 | R4: 134.41 | S4: 134.41 | T4: 134.41 | U4: 134.41
A5: Roadmap-30-Bio | B5: 3250000000000 | C5: 3280000000000 | D5: 3060000000000 | E5: 2780000000000 | F5: 13290000000000 | G5: 13290000000000 | H5: 13290000000000 | I5: 13290000000000 | J5: 1.78 | K5: 1.9 | L5: 1.87 | M5: 2.22 | N5: 26.58 | O5: 37.14 | P5: 32.74 | Q5: 110.97 | R5: 302.35 | S5: 302.35 | T5: 302.35 | U5: 302.35
A6: Roadmap-0 | B6: 8710000000000 | C6: 8790000000000 | D6: 8350000000000 | E6: 7590000000000 | F6: 10300000000000 | G6: 10300000000000 | H6: 10300000000000 | I6: 10300000000000 | J6: 2.04 | K6: 2.36 | L6: 2.28 | M6: 3.28 | N6: 53.78 | O6: 72.45 | P6: 69.21 | Q6: 286.69 | R6: 878.8 | S6: 878.8 | T6: 878.8 | U6: 878.8
A7: Roadmap-30-Efuel | B7: 5360000000000 | C7: 5410000000000 | D7: 5110000000000 | E7: 4660000000000 | F7: 8790000000000 | G7: 8790000000000 | H7: 8790000000000 | I7: 8790000000000 | J7: 1.52 | K7: 1.72 | L7: 1.67 | M7: 2.29 | N7: 36.66 | O7: 49.4 | P7: 46.4 | Q7: 180.84 | R7: 557.57 | S7: 557.57 | T7: 557.57 | U7: 557.57
A8: Bio-Adv | B8: 980000000000 | C8: 1000000000000 | D8: 820000000000 | E8: 720000000000 | F8: 24880000000000 | G8: 24880000000000 | H8: 24880000000000 | I8: 24880000000000 | J8: 2.78 | K8: 2.82 | L8: 2.8 | M8: 2.87 | N8: 17.36 | O8: 27.77 | P8: 19.88 | Q8: 35.15 | R8: 0 | S8: 0 | T8: 0 | U8: 0
A9: Bio-HEFA | B9: 640000000000 | C9: 650000000000 | D9: 550000000000 | E9: 480000000000 | F9: 19270000000000 | G9: 19270000000000 | H9: 19270000000000 | I9: 19270000000000 | J9: 6.68 | K9: 6.71 | L9: 6.68 | M9: 6.72 | N9: 31.03 | O9: 40.7 | P9: 32.68 | Q9: 42.54 | R9: 0 | S9: 0 | T9: 0 | U9: 0
A10: Efuel-grid | B10: 14120000000000 | C10: 14250000000000 | D10: 13580000000000 | E10: 12420000000000 | F10: 0 | G10: 0 | H10: 0 | I10: 0 | J10: 1.51 | K10: 2.04 | L10: 1.91 | M10: 3.6 | N10: 80.96 | O10: 105.92 | P10: 105.91 | Q10: 470.32 | R10: 1577.85 | S10: 1577.85 | T10: 1577.85 | U10: 1577.85
A11: Efuel-RES | B11: 13680000000000 | C11: 13680000000000 | D11: 13660000000000 | E11: 13650000000000 | F11: 0 | G11: 0 | H11: 0 | I11: 0 | J11: 0.64 | K11: 0.66 | L11: 0.65 | M11: 0.68 | N11: 34.1 | O11: 26.94 | P11: 35.89 | Q11: 46.44 | R11: 1577.85 | S11: 1577.85 | T11: 1577.85 | U11: 1577.85

Sheet Values relative to IAM
B1: Electricity (% of 2050 in underlying scenario) | F1: Biomass (% of 2050 in underlying scenario | J1: Land occupation (% of 2050 energy crops area in underlying scenario) | N1: Freswhater withdrawal (% of 2050 freshwater withdrawn for industry in underlying scenario) | R1: Direct air capture (% of 2050 DACCS in underlying scenario)
B2: REMIND SSP2-RCP2.6 | C2: REMIND SSP1-RCP2.9 | D2: REMIND SSP2-NPi | E2: IMAGE SSP2-RCP2.6 | F2: REMIND SSP2-RCP2.6 | G2: REMIND SSP1-RCP2.9 | H2: REMIND SSP2-NPi | I2: IMAGE SSP2-RCP2.6 | J2: REMIND SSP2-RCP2.6 | K2: REMIND SSP1-RCP2.9 | L2: REMIND SSP2-NPi | M2: IMAGE SSP2-RCP2.6 | N2: REMIND SSP2-RCP2.6 | O2: REMIND SSP1-RCP2.9 | P2: REMIND SSP2-NPi | Q2: IMAGE SSP2-RCP2.6 | R2: REMIND SSP2-RCP2.6 | S2: REMIND SSP1-RCP2.9 | T2: REMIND SSP2-NPi | U2: IMAGE SSP2-RCP2.6
A3: Reference value | B3: 195.7733 | C3: 222.1773 | D3: 181.73495 | E3: 138.7202 | F3: 105.8032 | G3: 128.6649 | H3: 53.01525 | I3: 165.74846 | J3: 1.320505 | K3: 2.003252 | L3: 0.039607 | M3: 1.9633846 | N3: 566 | O3: 453 | P3: 566 | Q3: 566 | R3: 281.5128 | S3: 4.9677
A4: Baseline | B4: ='Absolute values'!B3*0.0000000000036/B$3 -> 0.0012872031 | C4: ='Absolute values'!C3*0.0000000000036/C$3 -> 0.0011342293 | D4: ='Absolute values'!D3*0.0000000000036/D$3 -> 0.0011885441 | E4: ='Absolute values'!E3*0.0000000000036/E$3 -> 0.001297576 | F4: ='Absolute values'!F3*0.000000000001/F$3 -> 0 | G4: ='Absolute values'!G3*0.000000000001/G$3 -> 0 | H4: ='Absolute values'!H3*0.000000000001/H$3 -> 0 | I4: ='Absolute values'!I3*0.000000000001/I$3 -> 0 | J4: ='Absolute values'!J3/J$3 -> 0.0075728604 | K4: ='Absolute values'!K3/K$3 -> 0.0049918832 | L4: ='Absolute values'!L3/L$3 -> 0.25248062 | M4: ='Absolute values'!M3/M$3 -> 0.0050932455 | N4: ='Absolute values'!N3/N$3 -> 0.011572438 | O4: ='Absolute values'!O3/O$3 -> 0.016225166 | P4: ='Absolute values'!P3/P$3 -> 0.011766784 | Q4: ='Absolute values'!Q3/Q$3 -> 0.013409894 | ... S4: ='Absolute values'!S3/S$3 -> 0
A5: Roadmap-70 | B5: ='Absolute values'!B4*0.0000000000036/B$3 -> 0.026479607 | C5: ='Absolute values'!C4*0.0000000000036/C$3 -> 0.023494749 | D5: ='Absolute values'!D4*0.0000000000036/D$3 -> 0.026940333 | E5: ='Absolute values'!E4*0.0000000000036/E$3 -> 0.031920368 | F5: ='Absolute values'!F4*0.000000000001/F$3 -> 0.044044036 | G5: ='Absolute values'!G4*0.000000000001/G$3 -> 0.036218114 | H5: ='Absolute values'!H4*0.000000000001/H$3 -> 0.087899237 | I5: ='Absolute values'!I4*0.000000000001/I$3 -> 0.028114892 | J5: ='Absolute values'!J4/J$3 -> 0.49980879 | K5: ='Absolute values'!K4/K$3 -> 0.35442371 | L5: ='Absolute values'!L4/L$3 -> 17.421163 | M5: ='Absolute values'!M4/M$3 -> 0.43292587 | N5: ='Absolute values'!N4/N$3 -> 0.026342756 | O5: ='Absolute values'!O4/O$3 -> 0.043200883 | P5: ='Absolute values'!P4/P$3 -> 0.031077739 | Q5: ='Absolute values'!Q4/Q$3 -> 0.092173145 | ... S5: ='Absolute values'!S4/S$3 -> 27.056787
A6: Roadmap-30-Bio | B6: ='Absolute values'!B5*0.0000000000036/B$3 -> 0.059763001 | C6: ='Absolute values'!C5*0.0000000000036/C$3 -> 0.053146744 | D6: ='Absolute values'!D5*0.0000000000036/D$3 -> 0.060615748 | E6: ='Absolute values'!E5*0.0000000000036/E$3 -> 0.072145223 | F6: ='Absolute values'!F5*0.000000000001/F$3 -> 0.12561057 | G6: ='Absolute values'!G5*0.000000000001/G$3 -> 0.10329157 | H6: ='Absolute values'!H5*0.000000000001/H$3 -> 0.25068259 | I6: ='Absolute values'!I5*0.000000000001/I$3 -> 0.080181742 | J6: ='Absolute values'!J5/J$3 -> 1.3479691 | K6: ='Absolute values'!K5/K$3 -> 0.94845781 | L6: ='Absolute values'!L5/L$3 -> 47.213876 | M6: ='Absolute values'!M5/M$3 -> 1.1307005 | N6: ='Absolute values'!N5/N$3 -> 0.046961131 | O6: ='Absolute values'!O5/O$3 -> 0.081986755 | P6: ='Absolute values'!P5/P$3 -> 0.057844523 | Q6: ='Absolute values'!Q5/Q$3 -> 0.19606007 | ... S6: ='Absolute values'!S5/S$3 -> 60.863176
A7: Roadmap-0 | B7: ='Absolute values'!B6*0.0000000000036/B$3 -> 0.16016484 | C7: ='Absolute values'!C6*0.0000000000036/C$3 -> 0.14242679 | D7: ='Absolute values'!D6*0.0000000000036/D$3 -> 0.16540572 | E7: ='Absolute values'!E6*0.0000000000036/E$3 -> 0.19697203 | F7: ='Absolute values'!F6*0.000000000001/F$3 -> 0.097350553 | G7: ='Absolute values'!G6*0.000000000001/G$3 -> 0.080052913 | H7: ='Absolute values'!H6*0.000000000001/H$3 -> 0.19428372 | I7: ='Absolute values'!I6*0.000000000001/I$3 -> 0.062142358 | J7: ='Absolute values'!J6/J$3 -> 1.5448635 | K7: ='Absolute values'!K6/K$3 -> 1.1780844 | L7: ='Absolute values'!L6/L$3 -> 57.565582 | M7: ='Absolute values'!M6/M$3 -> 1.6705845 | N7: ='Absolute values'!N6/N$3 -> 0.095017668 | O7: ='Absolute values'!O6/O$3 -> 0.15993377 | P7: ='Absolute values'!P6/P$3 -> 0.12227915 | Q7: ='Absolute values'!Q6/Q$3 -> 0.50651943 | ... S7: ='Absolute values'!S6/S$3 -> 176.90279
A8: Roadmap-30-Efuel | B8: ='Absolute values'!B7*0.0000000000036/B$3 -> 0.098562981 | C8: ='Absolute values'!C7*0.0000000000036/C$3 -> 0.08765972 | D8: ='Absolute values'!D7*0.0000000000036/D$3 -> 0.10122434 | E8: ='Absolute values'!E7*0.0000000000036/E$3 -> 0.12093408 | F8: ='Absolute values'!F7*0.000000000001/F$3 -> 0.083078773 | G8: ='Absolute values'!G7*0.000000000001/G$3 -> 0.068317 | H8: ='Absolute values'!H7*0.000000000001/H$3 -> 0.16580135 | I8: ='Absolute values'!I7*0.000000000001/I$3 -> 0.053032168 | J8: ='Absolute values'!J7/J$3 -> 1.1510748 | K8: ='Absolute values'!K7/K$3 -> 0.85860391 | L8: ='Absolute values'!L7/L$3 -> 42.164264 | M8: ='Absolute values'!M7/M$3 -> 1.1663532 | N8: ='Absolute values'!N7/N$3 -> 0.064770318 | O8: ='Absolute values'!O7/O$3 -> 0.10905077 | P8: ='Absolute values'!P7/P$3 -> 0.081978799 | Q8: ='Absolute values'!Q7/Q$3 -> 0.3195053 | ... S8: ='Absolute values'!S7/S$3 -> 112.23906
A9: Bio-Adv | B9: ='Absolute values'!B8*0.0000000000036/B$3 -> 0.018020843 | C9: ='Absolute values'!C8*0.0000000000036/C$3 -> 0.016203275 | D9: ='Absolute values'!D8*0.0000000000036/D$3 -> 0.016243436 | E9: ='Absolute values'!E8*0.0000000000036/E$3 -> 0.018685094 | F9: ='Absolute values'!F8*0.000000000001/F$3 -> 0.23515357 | G9: ='Absolute values'!G8*0.000000000001/G$3 -> 0.19337053 | H9: ='Absolute values'!H8*0.000000000001/H$3 -> 0.46929893 | I9: ='Absolute values'!I8*0.000000000001/I$3 -> 0.15010698 | J9: ='Absolute values'!J8/J$3 -> 2.1052552 | K9: ='Absolute values'!K8/K$3 -> 1.4077111 | L9: ='Absolute values'!L8/L$3 -> 70.694574 | M9: ='Absolute values'!M8/M$3 -> 1.4617615 | N9: ='Absolute values'!N8/N$3 -> 0.030671378 | O9: ='Absolute values'!O8/O$3 -> 0.061302428 | P9: ='Absolute values'!P8/P$3 -> 0.035123675 | Q9: ='Absolute values'!Q8/Q$3 -> 0.062102473 | ... S9: ='Absolute values'!S8/S$3 -> 0
A10: Bio-HEFA | B10: ='Absolute values'!B9*0.0000000000036/B$3 -> 0.011768714 | C10: ='Absolute values'!C9*0.0000000000036/C$3 -> 0.010532129 | D10: ='Absolute values'!D9*0.0000000000036/D$3 -> 0.010894987 | E10: ='Absolute values'!E9*0.0000000000036/E$3 -> 0.012456729 | F10: ='Absolute values'!F9*0.000000000001/F$3 -> 0.1821306 | G10: ='Absolute values'!G9*0.000000000001/G$3 -> 0.1497689 | H10: ='Absolute values'!H9*0.000000000001/H$3 -> 0.36348032 | I10: ='Absolute values'!I9*0.000000000001/I$3 -> 0.11626051 | J10: ='Absolute values'!J9/J$3 -> 5.0586707 | K10: ='Absolute values'!K9/K$3 -> 3.3495536 | L10: ='Absolute values'!L9/L$3 -> 168.65706 | M10: ='Absolute values'!M9/M$3 -> 3.422661 | N10: ='Absolute values'!N9/N$3 -> 0.054823322 | O10: ='Absolute values'!O9/O$3 -> 0.089845475 | P10: ='Absolute values'!P9/P$3 -> 0.057738516 | Q10: ='Absolute values'!Q9/Q$3 -> 0.075159011 | ... S10: ='Absolute values'!S9/S$3 -> 0
A11: Efuel-grid | B11: ='Absolute values'!B10*0.0000000000036/B$3 -> 0.25964726 | C11: ='Absolute values'!C10*0.0000000000036/C$3 -> 0.23089668 | D11: ='Absolute values'!D10*0.0000000000036/D$3 -> 0.26900714 | E11: ='Absolute values'!E10*0.0000000000036/E$3 -> 0.32231787 | F11: ='Absolute values'!F10*0.000000000001/F$3 -> 0 | G11: ='Absolute values'!G10*0.000000000001/G$3 -> 0 | H11: ='Absolute values'!H10*0.000000000001/H$3 -> 0 | I11: ='Absolute values'!I10*0.000000000001/I$3 -> 0 | J11: ='Absolute values'!J10/J$3 -> 1.1435019 | K11: ='Absolute values'!K10/K$3 -> 1.0183442 | L11: ='Absolute values'!L10/L$3 -> 48.223799 | M11: ='Absolute values'!M10/M$3 -> 1.8335684 | N11: ='Absolute values'!N10/N$3 -> 0.14303887 | O11: ='Absolute values'!O10/O$3 -> 0.23381898 | P11: ='Absolute values'!P10/P$3 -> 0.18712014 | Q11: ='Absolute values'!Q10/Q$3 -> 0.83095406 | ... S11: ='Absolute values'!S10/S$3 -> 317.62184
A12: Efuel-RES | B12: ='Absolute values'!B11*0.0000000000036/B$3 -> 0.25155626 | C12: ='Absolute values'!C11*0.0000000000036/C$3 -> 0.22166081 | D12: ='Absolute values'!D11*0.0000000000036/D$3 -> 0.27059187 | E12: ='Absolute values'!E11*0.0000000000036/E$3 -> 0.35423824 | F12: ='Absolute values'!F11*0.000000000001/F$3 -> 0 | G12: ='Absolute values'!G11*0.000000000001/G$3 -> 0 | H12: ='Absolute values'!H11*0.000000000001/H$3 -> 0 | I12: ='Absolute values'!I11*0.000000000001/I$3 -> 0 | J12: ='Absolute values'!J11/J$3 -> 0.48466306 | K12: ='Absolute values'!K11/K$3 -> 0.32946429 | L12: ='Absolute values'!L11/L$3 -> 16.41124 | M12: ='Absolute values'!M11/M$3 -> 0.3463407 | N12: ='Absolute values'!N11/N$3 -> 0.06024735 | O12: ='Absolute values'!O11/O$3 -> 0.059470199 | P12: ='Absolute values'!P11/P$3 -> 0.063409894 | Q12: ='Absolute values'!Q11/Q$3 -> 0.08204947 | ... S12: ='Absolute values'!S11/S$3 -> 317.62184
A13: avg over roadmaps | B13: =AVERAGE(B5:B8) -> 0.086242608 | C13: =AVERAGE(C5:C8) -> 0.076682001 | D13: =AVERAGE(D5:D8) -> 0.088546534 | E13: =AVERAGE(E5:E8) -> 0.10549293 | F13: =AVERAGE(F5:F8) -> 0.087520982 | G13: =AVERAGE(G5:G8) -> 0.0719699 | H13: =AVERAGE(H5:H8) -> 0.17466672 | I13: =AVERAGE(I5:I8) -> 0.05586779 | ... S13: =AVERAGE(S5:S8) -> 94.265455

Sheet Values relative to baseline
B1: Electricity (kWh) | F1: Land occupation (mega-km2) | J1: Freshwater withdrawal (km3)
A2: Scenarios | B2: REMIND SSP2-RCP2.6 | C2: REMIND SSP1-RCP2.9 | D2: REMIND SSP2-NPi | E2: IMAGE SSP2-RCP2.6 | F2: REMIND SSP2-RCP2.6 | G2: REMIND SSP1-RCP2.9 | H2: REMIND SSP2-NPi | I2: IMAGE SSP2-RCP2.6 | J2: REMIND SSP2-RCP2.6 | K2: REMIND SSP1-RCP2.9 | L2: REMIND SSP2-NPi | M2: IMAGE SSP2-RCP2.6
A3: Baseline | B3: ='Absolute values'!B3/'Absolute values'!B$3 -> 1 | C3: ='Absolute values'!C3/'Absolute values'!C$3 -> 1 | D3: ='Absolute values'!D3/'Absolute values'!D$3 -> 1 | E3: ='Absolute values'!E3/'Absolute values'!E$3 -> 1 | F3: ='Absolute values'!J3/'Absolute values'!J$3 -> 1 | G3: ='Absolute values'!K3/'Absolute values'!K$3 -> 1 | H3: ='Absolute values'!L3/'Absolute values'!L$3 -> 1 | I3: ='Absolute values'!M3/'Absolute values'!M$3 -> 1 | J3: ='Absolute values'!N3/'Absolute values'!N$3 -> 1 | K3: ='Absolute values'!O3/'Absolute values'!O$3 -> 1 | L3: ='Absolute values'!P3/'Absolute values'!P$3 -> 1 | M3: ='Absolute values'!Q3/'Absolute values'!Q$3 -> 1
A4: Roadmap-70 | B4: ='Absolute values'!B4/'Absolute values'!B$3 -> 20.571429 | C4: ='Absolute values'!C4/'Absolute values'!C$3 -> 20.714286 | D4: ='Absolute values'!D4/'Absolute values'!D$3 -> 22.666667 | E4: ='Absolute values'!E4/'Absolute values'!E$3 -> 24.6 | F4: ='Absolute values'!J4/'Absolute values'!J$3 -> 66 | G4: ='Absolute values'!K4/'Absolute values'!K$3 -> 71 | H4: ='Absolute values'!L4/'Absolute values'!L$3 -> 69 | I4: ='Absolute values'!M4/'Absolute values'!M$3 -> 85 | J4: ='Absolute values'!N4/'Absolute values'!N$3 -> 2.2763359 | K4: ='Absolute values'!O4/'Absolute values'!O$3 -> 2.662585 | L4: ='Absolute values'!P4/'Absolute values'!P$3 -> 2.6411411 | M4: ='Absolute values'!Q4/'Absolute values'!Q$3 -> 6.8735178
A5: Roadmap-30-Bio | B5: ='Absolute values'!B5/'Absolute values'!B$3 -> 46.428571 | C5: ='Absolute values'!C5/'Absolute values'!C$3 -> 46.857143 | D5: ='Absolute values'!D5/'Absolute values'!D$3 -> 51 | E5: ='Absolute values'!E5/'Absolute values'!E$3 -> 55.6 | F5: ='Absolute values'!J5/'Absolute values'!J$3 -> 178 | G5: ='Absolute values'!K5/'Absolute values'!K$3 -> 190 | H5: ='Absolute values'!L5/'Absolute values'!L$3 -> 187 | I5: ='Absolute values'!M5/'Absolute values'!M$3 -> 222 | J5: ='Absolute values'!N5/'Absolute values'!N$3 -> 4.0580153 | K5: ='Absolute values'!O5/'Absolute values'!O$3 -> 5.0530612 | L5: ='Absolute values'!P5/'Absolute values'!P$3 -> 4.9159159 | M5: ='Absolute values'!Q5/'Absolute values'!Q$3 -> 14.620553
A6: Roadmap-0 | B6: ='Absolute values'!B6/'Absolute values'!B$3 -> 124.42857 | C6: ='Absolute values'!C6/'Absolute values'!C$3 -> 125.57143 | D6: ='Absolute values'!D6/'Absolute values'!D$3 -> 139.16667 | E6: ='Absolute values'!E6/'Absolute values'!E$3 -> 151.8 | F6: ='Absolute values'!J6/'Absolute values'!J$3 -> 204 | G6: ='Absolute values'!K6/'Absolute values'!K$3 -> 236 | H6: ='Absolute values'!L6/'Absolute values'!L$3 -> 228 | I6: ='Absolute values'!M6/'Absolute values'!M$3 -> 328 | J6: ='Absolute values'!N6/'Absolute values'!N$3 -> 8.210687 | K6: ='Absolute values'!O6/'Absolute values'!O$3 -> 9.8571429 | L6: ='Absolute values'!P6/'Absolute values'!P$3 -> 10.391892 | M6: ='Absolute values'!Q6/'Absolute values'!Q$3 -> 37.772069
A7: Roadmap-30-Efuel | B7: ='Absolute values'!B7/'Absolute values'!B$3 -> 76.571429 | C7: ='Absolute values'!C7/'Absolute values'!C$3 -> 77.285714 | D7: ='Absolute values'!D7/'Absolute values'!D$3 -> 85.166667 | E7: ='Absolute values'!E7/'Absolute values'!E$3 -> 93.2 | F7: ='Absolute values'!J7/'Absolute values'!J$3 -> 152 | G7: ='Absolute values'!K7/'Absolute values'!K$3 -> 172 | H7: ='Absolute values'!L7/'Absolute values'!L$3 -> 167 | I7: ='Absolute values'!M7/'Absolute values'!M$3 -> 229 | J7: ='Absolute values'!N7/'Absolute values'!N$3 -> 5.5969466 | K7: ='Absolute values'!O7/'Absolute values'!O$3 -> 6.7210884 | L7: ='Absolute values'!P7/'Absolute values'!P$3 -> 6.966967 | M7: ='Absolute values'!Q7/'Absolute values'!Q$3 -> 23.826087
A8: Bio-Adv | B8: ='Absolute values'!B8/'Absolute values'!B$3 -> 14 | C8: ='Absolute values'!C8/'Absolute values'!C$3 -> 14.285714 | D8: ='Absolute values'!D8/'Absolute values'!D$3 -> 13.666667 | E8: ='Absolute values'!E8/'Absolute values'!E$3 -> 14.4 | F8: ='Absolute values'!J8/'Absolute values'!J$3 -> 278 | G8: ='Absolute values'!K8/'Absolute values'!K$3 -> 282 | H8: ='Absolute values'!L8/'Absolute values'!L$3 -> 280 | I8: ='Absolute values'!M8/'Absolute values'!M$3 -> 287 | J8: ='Absolute values'!N8/'Absolute values'!N$3 -> 2.6503817 | K8: ='Absolute values'!O8/'Absolute values'!O$3 -> 3.7782313 | L8: ='Absolute values'!P8/'Absolute values'!P$3 -> 2.984985 | M8: ='Absolute values'!Q8/'Absolute values'!Q$3 -> 4.6310935
A9: Bio-HEFA | B9: ='Absolute values'!B9/'Absolute values'!B$3 -> 9.1428571 | C9: ='Absolute values'!C9/'Absolute values'!C$3 -> 9.2857143 | D9: ='Absolute values'!D9/'Absolute values'!D$3 -> 9.1666667 | E9: ='Absolute values'!E9/'Absolute values'!E$3 -> 9.6 | F9: ='Absolute values'!J9/'Absolute values'!J$3 -> 668 | G9: ='Absolute values'!K9/'Absolute values'!K$3 -> 671 | H9: ='Absolute values'!L9/'Absolute values'!L$3 -> 668 | I9: ='Absolute values'!M9/'Absolute values'!M$3 -> 672 | J9: ='Absolute values'!N9/'Absolute values'!N$3 -> 4.7374046 | K9: ='Absolute values'!O9/'Absolute values'!O$3 -> 5.537415 | L9: ='Absolute values'!P9/'Absolute values'!P$3 -> 4.9069069 | M9: ='Absolute values'!Q9/'Absolute values'!Q$3 -> 5.6047431
A10: Efuel-grid | B10: ='Absolute values'!B10/'Absolute values'!B$3 -> 201.71429 | C10: ='Absolute values'!C10/'Absolute values'!C$3 -> 203.57143 | D10: ='Absolute values'!D10/'Absolute values'!D$3 -> 226.33333 | E10: ='Absolute values'!E10/'Absolute values'!E$3 -> 248.4 | F10: ='Absolute values'!J10/'Absolute values'!J$3 -> 151 | G10: ='Absolute values'!K10/'Absolute values'!K$3 -> 204 | H10: ='Absolute values'!L10/'Absolute values'!L$3 -> 191 | I10: ='Absolute values'!M10/'Absolute values'!M$3 -> 360 | J10: ='Absolute values'!N10/'Absolute values'!N$3 -> 12.360305 | K10: ='Absolute values'!O10/'Absolute values'!O$3 -> 14.410884 | L10: ='Absolute values'!P10/'Absolute values'!P$3 -> 15.902402 | M10: ='Absolute values'!Q10/'Absolute values'!Q$3 -> 61.965744
A11: Efuel-RES | B11: ='Absolute values'!B11/'Absolute values'!B$3 -> 195.42857 | C11: ='Absolute values'!C11/'Absolute values'!C$3 -> 195.42857 | D11: ='Absolute values'!D11/'Absolute values'!D$3 -> 227.66667 | E11: ='Absolute values'!E11/'Absolute values'!E$3 -> 273 | F11: ='Absolute values'!J11/'Absolute values'!J$3 -> 64 | G11: ='Absolute values'!K11/'Absolute values'!K$3 -> 66 | H11: ='Absolute values'!L11/'Absolute values'!L$3 -> 65 | I11: ='Absolute values'!M11/'Absolute values'!M$3 -> 68 | J11: ='Absolute values'!N11/'Absolute values'!N$3 -> 5.2061069 | K11: ='Absolute values'!O11/'Absolute values'!O$3 -> 3.6653061 | L11: ='Absolute values'!P11/'Absolute values'!P$3 -> 5.3888889 | M11: ='Absolute values'!Q11/'Absolute values'!Q$3 -> 6.1185771
