Workbook

Sheet Fig 3
A9: Sheet | B9: Description
A10: REMIND SSP2-RCP2.6 | B10: AESA (FHN allocation) desagregated by fuel type in 2050 with REMIND SSP2-RCP2.6
A11: REMIND SSP1-RCP1.9 | B11: AESA (FHN allocation) desagregated by fuel type in 2050 with REMIND SSP1-RCP1.9
A12: REMIND SSP2-Npi | B12: AESA (FHN allocation) desagregated by fuel type in 2050 with REMIND SSP2-Npi
A13: IMAGE SSP2-RCP2.6 | B13: AESA (FHN allocation) desagregated by fuel type in 2050 with IMAGE SSP2-RCP2.6
A14: REMIND SSP2-RCP2.6 (GDP) | B14: AESA (GDP allocation) desagregated by fuel type in 2050 with REMIND SSP2-RCP2.6
A15: REMIND SSP1-RCP1.9 (GDP) | B15: AESA (GDP allocation) desagregated by fuel type in 2050 with REMIND SSP1-RCP1.9
A16: REMIND SSP2-NPi (GDP) | B16: AESA (GDP allocation) desagregated by fuel type in 2050 with REMIND SSP2-Npi
A17: IMAGE SSP2-RCP2.6 (GDP) | B17: AESA (GDP allocation) desagregated by fuel type in 2050 with IMAGE SSP2-RCP2.6

Sheet REMIND SSP2-RCP2.6
C1: CC | D1: BI | E1: N | F1: P | G1: FWU | H1: SOD | K1: Ratios to baseline
A2: Baseline | B2: fk_historical | C2: 3.3294674 | D2: 125.69077 | E2: 0 | F2: 0 | G2: 0 | H2: 0 | K2: CC | L2: BI | M2: N | N2: P | O2: FWU | P2: SOD
B3: fk | C3: 5.1104606 | D3: 198.12387 | E3: 6.0106438 | F3: 3.1178216 | G3: 0.013691591 | H3: 0.076162895 | J3: Roadmap-70 | K3: =C17/C9 -> 0.9210332 | L3: =D17/D9 -> 1.2820593 | M3: =E17/E9 -> 5.6913816 | N3: =F17/F9 -> 6.6704607 | O3: =G17/G9 -> 5.5296666 | P3: =H17/H9 -> 1.53834
B4: efuels | C4: 0 | D4: 0 | E4: 0 | F4: 0 | G4: 0 | H4: 0 | J4: Roadmap-30-Bio | K4: =C25/C9 -> 0.74249459 | L4: =D25/D9 -> 1.7549149 | M4: =E25/E9 -> 13.297708 | N4: =F25/F9 -> 16.8034 | O4: =G25/G9 -> 12.577169 | P4: =H25/H9 -> 2.5284198
B5: atj | C5: 0 | D5: 0 | E5: 0 | F5: 0 | G5: 0 | H5: 0 | J5: Roadmap-0 | K5: =C33/C9 -> 0.61367522 | L5: =D33/D9 -> 1.54905 | M5: =E33/E9 -> 19.871442 | N5: =F33/F9 -> 16.444805 | O5: =G33/G9 -> 21.126568 | P5: =H33/H9 -> 2.2264249
B6: ft | C6: 0 | D6: 0 | E6: 0 | F6: 0 | G6: 0 | H6: 0 | J6: Roadmap-30-Efuel | K6: =C41/C9 -> 0.77376524 | L6: =D41/D9 -> 1.5228033 | M6: =E41/E9 -> 13.913332 | N6: =F41/F9 -> 13.083277 | O6: =G41/G9 -> 14.581524 | P6: =H41/H9 -> 2.041756
B7: hefa | C7: 0 | D7: 0 | E7: 0 | F7: 0 | G7: 0 | H7: 0 | J7: Bio-Adv | K7: =C49/C9 -> 0.4185382 | L7: =D49/D9 -> 2.1927516 | M7: =E49/E9 -> 16.47049 | N7: =F49/F9 -> 28.027915 | O7: =G49/G9 -> 13.306709 | P7: =H49/H9 -> 3.8150037
B8: lh2 | C8: 0 | D8: 0 | E8: 0 | F8: 0 | G8: 0 | H8: 0 | J8: Bio-HEFA | K8: =C57/C9 -> 0.60776077 | L8: =D57/D9 -> 1.2777372 | M8: =E57/E9 -> 27.888914 | N8: =F57/F9 -> 38.728581 | O8: =G57/G9 -> 15.570348 | P8: =H57/H9 -> 6.3797538
B9: total | C9: =SUM(C2:C8) -> 8.4399281 | D9: =SUM(D2:D8) -> 323.81464 | E9: =SUM(E2:E8) -> 6.0106438 | F9: =SUM(F2:F8) -> 3.1178216 | G9: =SUM(G2:G8) -> 0.013691591 | H9: =SUM(H2:H8) -> 0.076162895 | J9: Efuel-grid | K9: =C65/C9 -> 0.86951773 | L9: =D65/D9 -> 1.2161518 | M9: =E65/E9 -> 22.072827 | N9: =F65/F9 -> 8.166438 | O9: =G65/G9 -> 27.127517 | P9: =H65/H9 -> 1.1330518
A10: Roadmap-70 | B10: fk_historical | C10: =C2 -> 3.3294674 | D10: =D2 -> 125.69077 | E10: 0 | F10: 0 | G10: 0 | H10: 0 | J10: Efuel-RES | K10: =C73/C9 -> 0.70881058 | L10: =D73/D9 -> 1.0646553 | M10: =E73/E9 -> 25.121319 | N10: =F73/F9 -> 11.965255 | O10: =G73/G9 -> 11.730952 | P10: =H73/H9 -> 1.1332429
B11: fk | C11: 4.4779665 | D11: 172.84393 | E11: 4.3889685 | F11: 2.2766314 | G11: 0.0099975915 | H11: 0.0556141 | J11: average over Roadmaps | K11: =AVERAGE(K3:K6) -> 0.76274206 | L11: =AVERAGE(L3:L6) -> 1.5272069 | M11: =AVERAGE(M3:M6) -> 13.193466 | N11: =AVERAGE(N3:N6) -> 13.250486 | O11: =AVERAGE(O3:O6) -> 13.453732 | P11: =AVERAGE(P3:P6) -> 2.0837352
B12: efuels | C12: 0.1830315 | D12: 16.852149 | E12: 11.29685 | F12: 2.1664191 | G12: 0.031628409 | H12: 0.0072893338 | J12: Roadmap-30-Bio vs Roadmap-30-Efuel | K12: =K4/K6-1 -> -0.040413619 | L12: =L4/L6-1 -> 0.15242388 | M12: =M4/M6-1 -> -0.044247091 | N12: =N4/N6-1 -> 0.28434176 | O12: =O4/O6-1 -> -0.13745848 | P12: =P4/P6-1 -> 0.23835554 | Q12: avg over PB other than climate | R12: =AVERAGE(L12:P12) -> 0.098683121
B13: atj | C13: 0.0065808335 | D13: 4.6193884 | E13: 11.064186 | F13: 9.2197212 | G13: 0.022031036 | H13: 0.024180563 | J13: Efuel-grid vs Efuel-RES | K13: =K9/K10-1 -> 0.22672793 | L13: =L9/L10-1 -> 0.14229624 | M13: =M9/M10-1 -> -0.1213508 | N13: =N9/N10-1 -> -0.31748732 | O13: =O9/O10-1 -> 1.3124735 | P13: =P9/P10-1 -> -0.00016865031
B14: ft | C14: -0.23473631 | D14: 94.004925 | E14: 1.7018126 | F14: 3.233471 | G14: 0.0055952365 | H14: 0.013463692 | J14: influence of IAM for Efuel-grid
B15: hefa | C15: 0.011143949 | D15: 1.1384047 | E15: 5.7570507 | F15: 3.9010635 | G15: 0.0064576608 | H15: 0.016616742 | J15: vs REMIND 1-1.9 | K15: ='REMIND SSP1-RCP1.9'!C65/'REMIND SSP2-RCP2.6'!C65 -> 0.84692216 | L15: ='REMIND SSP1-RCP1.9'!D65/'REMIND SSP2-RCP2.6'!D65 -> 1.0677153 | M15: ='REMIND SSP1-RCP1.9'!E65/'REMIND SSP2-RCP2.6'!E65 -> 0.94155871 | N15: ='REMIND SSP1-RCP1.9'!F65/'REMIND SSP2-RCP2.6'!F65 -> 1.0223391 | O15: ='REMIND SSP1-RCP1.9'!G65/'REMIND SSP2-RCP2.6'!G65 -> 1.7941038 | P15: ='REMIND SSP1-RCP1.9'!H65/'REMIND SSP2-RCP2.6'!H65 -> 1.0157244
B16: lh2 | C16: 0 | D16: 0 | E16: 0 | F16: 0 | G16: 0 | H16: 0 | J16: vs REMIND 2-Npi | K16: ='REMIND SSP2-NPi'!C65/'REMIND SSP2-RCP2.6'!C65 -> 2.3830026 | L16: ='REMIND SSP2-NPi'!D65/'REMIND SSP2-RCP2.6'!D65 -> 1.9928606 | M16: ='REMIND SSP2-NPi'!E65/'REMIND SSP2-RCP2.6'!E65 -> 0.81833196 | N16: ='REMIND SSP2-NPi'!F65/'REMIND SSP2-RCP2.6'!F65 -> 0.84482801 | O16: ='REMIND SSP2-NPi'!G65/'REMIND SSP2-RCP2.6'!G65 -> 1.4105102 | P16: ='REMIND SSP2-NPi'!H65/'REMIND SSP2-RCP2.6'!H65 -> 1.421843
B17: total | C17: =SUM(C10:C16) -> 7.7734539 | D17: =SUM(D10:D16) -> 415.14957 | E17: =SUM(E10:E16) -> 34.208867 | F17: =SUM(F10:F16) -> 20.797306 | G17: =SUM(G10:G16) -> 0.075709934 | H17: =SUM(H10:H16) -> 0.11716443 | J17: vs IMAGE 2-2.6 | K17: ='IMAGE SSP2-RCP2.6'!C65/'REMIND SSP2-RCP2.6'!C65 -> 1.5381736 | L17: ='IMAGE SSP2-RCP2.6'!D65/'REMIND SSP2-RCP2.6'!D65 -> 1.6244498 | M17: ='IMAGE SSP2-RCP2.6'!E65/'REMIND SSP2-RCP2.6'!E65 -> 0.79865602 | N17: ='IMAGE SSP2-RCP2.6'!F65/'REMIND SSP2-RCP2.6'!F65 -> 0.93963233 | O17: ='IMAGE SSP2-RCP2.6'!G65/'REMIND SSP2-RCP2.6'!G65 -> 7.6845447 | P17: ='IMAGE SSP2-RCP2.6'!H65/'REMIND SSP2-RCP2.6'!H65 -> 2.1419109
A18: Roadmap-30-Bio | B18: fk_historical | C18: =C10 -> 3.3294674 | D18: =D10 -> 125.69077 | E18: 0 | F18: 0 | G18: 0 | H18: 0 | J18: avg | K18: =AVERAGE(K15:K17) -> 1.5893661 | L18: =AVERAGE(L15:L17) -> 1.5616752 | M18: =AVERAGE(M15:M17) -> 0.8528489 | N18: =AVERAGE(N15:N17) -> 0.93559982 | O18: =AVERAGE(O15:O17) -> 3.6297196 | P18: =AVERAGE(P15:P17) -> 1.5264927 | Q18: =AVERAGE(K18:P18) -> 1.6826171
B19: fk | C19: 3.106952 | D19: 118.75352 | E19: 1.6913894 | F19: 0.87735201 | G19: 0.0038528007 | H19: 0.021432166 | J19: influence of IAM for Efuel-RES
B20: efuels | C20: 0.63197852 | D20: 46.223365 | E20: 25.412066 | F20: 4.8733221 | G20: 0.071147554 | H20: 0.016397229 | J20: vs REMIND 1-1.9 | K20: ='REMIND SSP1-RCP1.9'!C73/'REMIND SSP2-RCP2.6'!C73 -> 0.95076219 | L20: ='REMIND SSP1-RCP1.9'!D73/'REMIND SSP2-RCP2.6'!D73 -> 0.99652036 | M20: ='REMIND SSP1-RCP1.9'!E73/'REMIND SSP2-RCP2.6'!E73 -> 0.92603507 | N20: ='REMIND SSP1-RCP1.9'!F73/'REMIND SSP2-RCP2.6'!F73 -> 0.93878191 | O20: ='REMIND SSP1-RCP1.9'!G73/'REMIND SSP2-RCP2.6'!G73 -> 1.1563957 | P20: ='REMIND SSP1-RCP1.9'!H73/'REMIND SSP2-RCP2.6'!H73 -> 1.0181345
B21: atj | C21: 0.027361268 | D21: 13.498076 | E21: 31.553022 | F21: 26.292948 | G21: 0.06282846 | H21: 0.068958515 | J21: vs REMIND 2-Npi | K21: ='REMIND SSP2-NPi'!C73/'REMIND SSP2-RCP2.6'!C73 -> 0.95055348 | L21: ='REMIND SSP2-NPi'!D73/'REMIND SSP2-RCP2.6'!D73 -> 0.96469224 | M21: ='REMIND SSP2-NPi'!E73/'REMIND SSP2-RCP2.6'!E73 -> 0.69532762 | N21: ='REMIND SSP2-NPi'!F73/'REMIND SSP2-RCP2.6'!F73 -> 0.92285895 | O21: ='REMIND SSP2-NPi'!G73/'REMIND SSP2-RCP2.6'!G73 -> 0.99602545 | P21: ='REMIND SSP2-NPi'!H73/'REMIND SSP2-RCP2.6'!H73 -> 1.0057335
B22: ft | C22: -0.87115375 | D22: 260.46927 | E22: 4.8532563 | F22: 9.2212642 | G22: 0.015956585 | H22: 0.038395971 | J22: vs IMAGE 2-2.6 | K22: ='IMAGE SSP2-RCP2.6'!C73/'REMIND SSP2-RCP2.6'!C73 -> 0.86276713 | L22: ='IMAGE SSP2-RCP2.6'!D73/'REMIND SSP2-RCP2.6'!D73 -> 0.91228593 | M22: ='IMAGE SSP2-RCP2.6'!E73/'REMIND SSP2-RCP2.6'!E73 -> 0.90477366 | N22: ='IMAGE SSP2-RCP2.6'!F73/'REMIND SSP2-RCP2.6'!F73 -> 0.89794532 | O22: ='IMAGE SSP2-RCP2.6'!G73/'REMIND SSP2-RCP2.6'!G73 -> 1.4755115 | P22: ='IMAGE SSP2-RCP2.6'!H73/'REMIND SSP2-RCP2.6'!H73 -> 0.75637968
B23: hefa | C23: 0.041995468 | D23: 3.6321464 | E23: 16.418049 | F23: 11.125115 | G23: 0.01841606 | H23: 0.047387891 | J23: avg | K23: =AVERAGE(K20:K22) -> 0.92136093 | L23: =AVERAGE(L20:L22) -> 0.95783284 | M23: =AVERAGE(M20:M22) -> 0.84204545 | N23: =AVERAGE(N20:N22) -> 0.91986206 | O23: =AVERAGE(O20:O22) -> 1.2093109 | P23: =AVERAGE(P20:P22) -> 0.92674922 | Q23: =AVERAGE(K23:P23) -> 0.96286023
B24: lh2 | C24: 0 | D24: 0 | E24: 0 | F24: 0 | G24: 0 | H24: 0
B25: total | C25: =SUM(C18:C24) -> 6.2666009 | D25: =SUM(D18:D24) -> 568.26715 | E25: =SUM(E18:E24) -> 79.927783 | F25: =SUM(F18:F24) -> 52.390001 | G25: =SUM(G18:G24) -> 0.17220146 | H25: =SUM(H18:H24) -> 0.19257177
A26: Roadmap-0 | B26: fk_historical | C26: =C18 -> 3.3294674 | D26: =D18 -> 125.69077 | E26: 0 | F26: 0 | G26: 0 | H26: 0
B27: fk | C27: 1.7826838 | D27: 67.298122 | E27: 0 | F27: 0 | G27: 0 | H27: 0
B28: efuels | C28: 1.1128906 | D28: 107.01907 | E28: 73.861191 | F28: 14.164506 | G28: 0.20679322 | H28: 0.047659206
B29: atj | C29: 0.044029488 | D29: 11.326403 | E29: 24.463075 | F29: 20.384937 | G29: 0.048710939 | H29: 0.053463574
B30: ft | C30: -1.1622769 | D30: 183.56209 | E30: 3.7627323 | F30: 7.1492511 | G30: 0.012371149 | H30: 0.029768417
B31: hefa | C31: 0.057662257 | D31: 3.7636744 | E31: 12.728922 | F31: 8.6253077 | G31: 0.014277981 | H31: 0.036739857
B32: lh2 | C32: 0.014917969 | D32: 2.9449141 | E32: 4.6242385 | F32: 0.94796574 | G32: 0.0071030418 | H32: 0.001939909
B33: total | C33: =SUM(C26:C32) -> 5.1793747 | D33: =SUM(D26:D32) -> 501.60505 | E33: =SUM(E26:E32) -> 119.44016 | F33: =SUM(F26:F32) -> 51.271968 | G33: =SUM(G26:G32) -> 0.28925634 | H33: =SUM(H26:H32) -> 0.16957096
A34: Roadmap-30-Efuel | B34: fk_historical | C34: =C26 -> 3.3294674 | D34: =D26 -> 125.69077 | E34: 0 | F34: 0 | G34: 0 | H34: 0
B35: fk | C35: 3.4631906 | D35: 132.2986 | E35: 1.8031931 | F35: 0.93534647 | G35: 0.0041074773 | H35: 0.022848868
B36: efuels | C36: 0.3368721 | D36: 53.961275 | E36: 46.862083 | F36: 8.9868342 | G36: 0.13120234 | H36: 0.030237932
B37: atj | C37: 0.023349056 | D37: 9.1317585 | E37: 20.88398 | F37: 17.402498 | G37: 0.041584236 | H37: 0.045641531
B38: ft | C38: -0.6544998 | D38: 169.45547 | E38: 3.2122219 | F38: 6.1032726 | G38: 0.010561175 | H38: 0.025413118
B39: hefa | C39: 0.032143547 | D39: 2.5681492 | E39: 10.866604 | F39: 7.3633733 | G39: 0.012189027 | H39: 0.031364595
B40: lh2 | C40: 0 | D40: 0 | E40: 0 | F40: 0 | G40: 0 | H40: 0
B41: total | C41: =SUM(C34:C40) -> 6.530523 | D41: =SUM(D34:D40) -> 493.10602 | E41: =SUM(E34:E40) -> 83.628083 | F41: =SUM(F34:F40) -> 40.791324 | G41: =SUM(G34:G40) -> 0.19964426 | H41: =SUM(H34:H40) -> 0.15550604
A42: Bio-Adv | B42: fk_historical | C42: =C34 -> 3.3294674 | D42: =D34 -> 125.69077 | E42: 0 | F42: 0 | G42: 0 | H42: 0
B43: fk | C43: 2.0366919 | D43: 76.936771 | E43: 0.057331255 | F43: 0.029738682 | G43: 0.00013059435 | H43: 0.00072646366
B44: efuels | C44: 0 | D44: 0 | E44: 0 | F44: 0 | G44: 0 | H44: 0
B45: atj | C45: 0.060784776 | D45: 25.642156 | E45: 59.099379 | F45: 49.247165 | G45: 0.11767884 | H45: 0.12916054
B46: ft | C46: -1.9901402 | D46: 474.33164 | E46: 9.0902365 | F46: 17.271594 | G46: 0.029886971 | H46: 0.071916345
B47: hefa | C47: 0.09562848 | D47: 7.4437183 | E47: 30.751301 | F47: 20.837541 | G47: 0.034493612 | H47: 0.088758372
B48: lh2 | C48: 0 | D48: 0 | E48: 0 | F48: 0 | G48: 0 | H48: 0
B49: total | C49: =SUM(C42:C48) -> 3.5324323 | D49: =SUM(D42:D48) -> 710.04506 | E49: =SUM(E42:E48) -> 98.998248 | F49: =SUM(F42:F48) -> 87.386038 | G49: =SUM(G42:G48) -> 0.18219001 | H49: =SUM(H42:H48) -> 0.29056172
A50: Bio-HEFA | B50: fk_historical | C50: =C42 -> 3.3294674 | D50: =D42 -> 125.69077 | E50: 0 | F50: 0 | G50: 0 | H50: 0
B51: fk | C51: 2.0366919 | D51: 76.936771 | E51: 0.057331255 | F51: 0.029738682 | G51: 0.00013059435 | H51: 0.00072646366
B52: efuels | C52: 0 | D52: 0 | E52: 0 | F52: 0 | G52: 0 | H52: 0
B53: atj | C53: 0.02206123 | D53: 9.073117 | E53: 20.858604 | F53: 17.381352 | G53: 0.041533707 | H53: 0.045586073
B54: ft | C54: -0.70010312 | D54: 167.49797 | E54: 3.2083188 | F54: 6.0958566 | G54: 0.010548343 | H54: 0.025382239
B55: hefa | C55: 0.44133976 | D55: 34.551373 | E55: 143.50607 | F55: 97.241857 | G55: 0.16097019 | H55: 0.41420574
B56: lh2 | C56: 0 | D56: 0 | E56: 0 | F56: 0 | G56: 0 | H56: 0
B57: total | C57: =SUM(C50:C56) -> 5.1294572 | D57: =SUM(D50:D56) -> 413.75 | E57: =SUM(E50:E56) -> 167.63033 | F57: =SUM(F50:F56) -> 120.74881 | G57: =SUM(G50:G56) -> 0.21318283 | H57: =SUM(H50:H56) -> 0.48590051
A58: Efuel-grid | B58: fk_historical | C58: =C50 -> 3.3294674 | D58: =D50 -> 125.69077 | E58: 0 | F58: 0 | G58: 0 | H58: 0
B59: fk | C59: 2.0366919 | D59: 76.936771 | E59: 0.057331255 | F59: 0.029738682 | G59: 0.00013059435 | H59: 0.00072646366
B60: efuels | C60: 1.9725078 | D60: 191.18021 | E60: 132.61457 | F60: 25.431758 | G60: 0.37128827 | H60: 0.08557004
B61: atj | C61: 0 | D61: 0 | E61: 0 | F61: 0 | G61: 0 | H61: 0
B62: ft | C62: 0 | D62: 0 | E62: 0 | F62: 0 | G62: 0 | H62: 0
B63: hefa | C63: 0 | D63: 0 | E63: 0 | F63: 0 | G63: 0 | H63: 0
B64: lh2 | C64: 0 | D64: 0 | E64: 0 | F64: 0 | G64: 0 | H64: 0
B65: total | C65: =SUM(C58:C64) -> 7.3386671 | D65: =SUM(D58:D64) -> 393.80775 | E65: =SUM(E58:E64) -> 132.6719 | F65: =SUM(F58:F64) -> 25.461496 | G65: =SUM(G58:G64) -> 0.37141887 | H65: =SUM(H58:H64) -> 0.086296504
A66: Efuel-RES | B66: fk_historical | C66: =C58 -> 3.3294674 | D66: =D58 -> 125.69077 | E66: 0 | F66: 0 | G66: 0 | H66: 0
B67: fk | C67: 2.0366919 | D67: 76.936771 | E67: 0.057331255 | F67: 0.029738682 | G67: 0.00013059435 | H67: 0.00072646366
B68: efuels | C68: 0.61615098 | D68: 142.12344 | E68: 150.93797 | F68: 37.27579 | G68: 0.16048481 | H68: 0.085584596
B69: atj | C69: 0 | D69: 0 | E69: 0 | F69: 0 | G69: 0 | H69: 0
B70: ft | C70: 0 | D70: 0 | E70: 0 | F70: 0 | G70: 0 | H70: 0
B71: hefa | C71: 0 | D71: 0 | E71: 0 | F71: 0 | G71: 0 | H71: 0
B72: lh2 | C72: 0 | D72: 0 | E72: 0 | F72: 0 | G72: 0 | H72: 0
B73: total | C73: =SUM(C66:C72) -> 5.9823103 | D73: =SUM(D66:D72) -> 344.75098 | E73: =SUM(E66:E72) -> 150.9953 | F73: =SUM(F66:F72) -> 37.305528 | G73: =SUM(G66:G72) -> 0.1606154 | H73: =SUM(H66:H72) -> 0.08631106

Sheet REMIND SSP1-RCP1.9
C1: CC | D1: BI | E1: N | F1: P | G1: FWU | H1: SOD | K1: Ratios to baseline
A2: Baseline | B2: fk_historical | C2: 3.3294674 | D2: 125.69077 | E2: 0 | F2: 0 | G2: 0 | H2: 0 | K2: CC | L2: BI | M2: N | N2: P | O2: SOD | P2: FWU
B3: fk | C3: 5.0927028 | D3: 201.29909 | E3: 5.1868003 | F3: 3.1075475 | G3: 0.0231499 | H3: 0.076671773 | J3: Roadmap-70 | K3: =C17/C9 -> 0.93858639 | L3: =D17/D9 -> 1.603028 | M3: =E17/E9 -> 4.7419332 | N3: =F17/F9 -> 4.8630225 | O3: =G17/G9 -> 4.9213427 | P3: =H17/H9 -> 1.409048
B4: efuels | C4: 0 | D4: 0 | E4: 0 | F4: 0 | G4: 0 | H4: 0 | J4: Roadmap-30-Bio | K4: =C25/C9 -> 0.81935946 | L4: =D25/D9 -> 2.6858642 | M4: =E25/E9 -> 10.486867 | N4: =F25/F9 -> 11.638142 | O4: =G25/G9 -> 10.757309 | P4: =H25/H9 -> 2.1591803
B5: atj | C5: 0 | D5: 0 | E5: 0 | F5: 0 | G5: 0 | H5: 0 | J5: Roadmap-0 | K5: =C33/C9 -> 0.69798199 | L5: =D33/D9 -> 2.3912899 | M5: =E33/E9 -> 18.553218 | N5: =F33/F9 -> 12.547109 | O5: =G33/G9 -> 20.487546 | P5: =H33/H9 -> 1.9477611
B6: ft | C6: 0 | D6: 0 | E6: 0 | F6: 0 | G6: 0 | H6: 0 | J6: Roadmap-30-Efuel | K6: =C41/C9 -> 0.82893611 | L6: =D41/D9 -> 2.1916883 | M6: =E41/E9 -> 12.508513 | N6: =F41/F9 -> 9.7121324 | O6: =G41/G9 -> 13.752444 | P6: =H41/H9 -> 1.7996734
B7: hefa | C7: 0 | D7: 0 | E7: 0 | F7: 0 | G7: 0 | H7: 0 | J7: Bio-Adv | K7: =C49/C9 -> 0.64814549 | L7: =D49/D9 -> 3.9450515 | M7: =E49/E9 -> 10.483932 | N7: =F49/F9 -> 18.27791 | O7: =G49/G9 -> 9.3032742 | P7: =H49/H9 -> 3.1197584
B8: lh2 | C8: 0 | D8: 0 | E8: 0 | F8: 0 | G8: 0 | H8: 0 | J8: Bio-HEFA | K8: =C57/C9 -> 0.66668641 | L8: =D57/D9 -> 1.9524172 | M8: =E57/E9 -> 29.56417 | N8: =F57/F9 -> 35.879314 | O8: =G57/G9 -> 12.489679 | P8: =H57/H9 -> 6.1275821
B9: total | C9: 8.1869412 | D9: 318.10973 | E9: 5.1868003 | F9: 3.1075475 | G9: 0.0231499 | H9: 0.076671773 | J9: Efuel-grid | K9: =C65/C9 -> 0.75916995 | L9: =D65/D9 -> 1.3217909 | M9: =E65/E9 -> 24.083901 | N9: =F65/F9 -> 8.3764718 | O9: =G65/G9 -> 28.784747 | P9: =H65/H9 -> 1.1432299
A10: Roadmap-70 | B10: fk_historical | C10: 3.3294674 | D10: 125.69077 | E10: 0 | F10: 0 | G10: 0 | H10: 0 | J10: Efuel-RES | K10: =C73/C9 -> 0.69473498 | L10: =D73/D9 -> 1.0799776 | M10: =E73/E9 -> 26.958228 | N10: =F73/F9 -> 11.269902 | O10: =G73/G9 -> 8.023143 | P10: =H73/H9 -> 1.1461358
B11: fk | C11: 4.4630218 | D11: 175.08781 | E11: 3.7873985 | F11: 2.2691293 | G11: 0.016904043 | H11: 0.055985682
B12: efuels | C12: 0.10708512 | D12: 19.866235 | E12: 10.637031 | F12: 2.21488 | G12: 0.056745797 | H12: 0.0074045135
B13: atj | C13: 0.25463947 | D13: 97.681165 | E13: 2.3117944 | F13: 3.0867593 | G13: 0.01336794 | H13: 0.01387115
B14: ft | C14: -0.24197943 | D14: 98.367778 | E14: 2.0385405 | F14: 3.5732678 | G14: 0.017667642 | H14: 0.01406769
B15: hefa | C15: 0.0071462446 | D15: 2.1251721 | E15: 5.8206963 | F15: 3.968037 | G15: 0.0092431696 | H15: 0.016705169
B16: lh2 | C16: 0 | D16: 0 | E16: 0 | F16: 0 | G16: 0 | H16: 0
B17: total | C17: 7.6841516 | D17: 509.9388 | E17: 24.595461 | F17: 15.112073 | G17: 0.11392859 | H17: 0.1080342
A18: Roadmap-30-Bio | B18: fk_historical | C18: 3.3294674 | D18: 125.69077 | E18: 0 | F18: 0 | G18: 0 | H18: 0
B19: fk | C19: 3.0977299 | D19: 119.48753 | E19: 1.4595607 | F19: 0.87446091 | G19: 0.0065143598 | H19: 0.021575364
B20: efuels | C20: 0.43389859 | D20: 51.975166 | E20: 23.927816 | F20: 4.9823339 | G20: 0.12764868 | H20: 0.016656324
B21: atj | C21: 0.95094515 | D21: 287.05363 | E21: 6.5928122 | F21: 8.8028695 | G21: 0.038122906 | H21: 0.039557968
B22: ft | C22: -0.8962772 | D22: 272.74267 | E22: 5.8135422 | F22: 10.190302 | G22: 0.050384862 | H22: 0.040118462
B23: hefa | C23: 0.027512883 | D23: 6.3298817 | E23: 16.599555 | F23: 11.316111 | G23: 0.026359818 | H23: 0.047640067
B24: lh2 | C24: 0 | D24: 0 | E24: 0 | F24: 0 | G24: 0 | H24: 0
B25: total | C25: 6.7080477 | D25: 854.39952 | E25: 54.393286 | F25: 36.166078 | G25: 0.24903063 | H25: 0.16554818
A26: Roadmap-0 | B26: fk_historical | C26: 3.3294674 | D26: 125.69077 | E26: 0 | F26: 0 | G26: 0 | H26: 0
B27: fk | C27: 1.7788972 | D27: 67.155174 | E27: 0 | F27: 0 | G27: 0 | H27: 0
B28: efuels | C28: 0.70238089 | D28: 129.97404 | E28: 69.547159 | F28: 14.481354 | G28: 0.37101602 | H28: 0.048412275
B29: atj | C29: 1.2858864 | D29: 243.26373 | E29: 5.1114108 | F29: 6.8248695 | G29: 0.029556709 | H29: 0.030669314
B30: ft | C30: -1.1922886 | D30: 192.68002 | E30: 4.5072424 | F30: 7.9005468 | G30: 0.039063411 | H30: 0.031103865
B31: hefa | C31: 0.039163898 | D31: 5.58078 | E31: 12.869644 | F31: 8.7733871 | G31: 0.020436782 | H31: 0.03693537
B32: lh2 | C32: 0.0060592361 | D32: 5.2281908 | E32: 4.1963826 | F32: 1.0105787 | G32: 0.014211713 | H32: 0.0022174706
B33: total | C33: 5.7143375 | D33: 760.69258 | E33: 96.231838 | F33: 38.990736 | G33: 0.47428464 | H33: 0.14933829
A34: Roadmap-30-Efuel | B34: fk_historical | C34: 3.3294674 | D34: 125.69077 | E34: 0 | F34: 0 | G34: 0 | H34: 0
B35: fk | C35: 3.452693 | D35: 133.05598 | E35: 1.5560401 | F35: 0.93226425 | G35: 0.00694497 | H35: 0.023001532
B36: efuels | C36: 0.16948682 | D36: 72.038706 | E36: 44.124996 | F36: 9.1878616 | G36: 0.23539539 | H36: 0.030715725
B37: atj | C37: 0.72106893 | D37: 193.45255 | E37: 4.3635806 | F37: 5.82635 | G37: 0.025232385 | H37: 0.026182208
B38: ft | C38: -0.67260576 | D38: 177.52308 | E38: 3.8478057 | F38: 6.7446492 | G38: 0.033348199 | H38: 0.026553183
B39: hefa | C39: 0.021569814 | D39: 4.3163938 | E39: 10.986737 | F39: 7.4897878 | G39: 0.017446757 | H39: 0.031531503
B40: lh2 | C40: 0 | D40: 0 | E40: 0 | F40: 0 | G40: 0 | H40: 0
B41: total | C41: 6.7864512 | D41: 697.19735 | E41: 64.879159 | F41: 30.180913 | G41: 0.3183677 | H41: 0.13798415
A42: Bio-Adv | B42: fk_historical | C42: 3.3294674 | D42: 125.69077 | E42: 0 | F42: 0 | G42: 0 | H42: 0
B43: fk | C43: 2.0322681 | D43: 76.80645 | E43: 0.049473198 | F43: 0.029640685 | G43: 0.00022081042 | H43: 0.00073131749
B44: efuels | C44: 0 | D44: 0 | E44: 0 | F44: 0 | G44: 0 | H44: 0
B45: atj | C45: 2.1628537 | D45: 552.0668 | E45: 12.348456 | F45: 16.487933 | G45: 0.071404889 | H45: 0.074092786
B46: ft | C46: -2.0456312 | D46: 497.00155 | E46: 10.888869 | F46: 19.086619 | G46: 0.094371754 | H46: 0.075142602
B47: hefa | C47: 0.062599913 | D47: 12.273803 | E47: 31.091264 | F47: 21.19528 | G47: 0.049372415 | H47: 0.089230704
B48: lh2 | C48: 0 | D48: 0 | E48: 0 | F48: 0 | G48: 0 | H48: 0
B49: total | C49: 5.306329 | D49: 1254.9592 | E49: 54.378063 | F49: 56.799473 | G49: 0.21536987 | H49: 0.23919741
A50: Bio-HEFA | B50: fk_historical | C50: 3.3294674 | D50: 125.69077 | E50: 0 | F50: 0 | G50: 0 | H50: 0
B51: fk | C51: 2.0322681 | D51: 76.80645 | E51: 0.049473198 | F51: 0.029640685 | G51: 0.00022081042 | H51: 0.00073131749
B52: efuels | C52: 0 | D52: 0 | E52: 0 | F52: 0 | G52: 0 | H52: 0
B53: atj | C53: 0.76442793 | D53: 194.88742 | E53: 4.3582785 | F53: 5.8192705 | G53: 0.025201726 | H53: 0.026150395
B54: ft | C54: -0.71960756 | D54: 175.50216 | E54: 3.8431303 | F54: 6.7364539 | G54: 0.033307678 | H54: 0.026520918
B55: hefa | C55: 0.28679555 | D55: 57.076254 | E55: 145.09257 | F55: 98.911307 | G55: 0.2304046 | H55: 0.41640995
B56: lh2 | C56: 0 | D56: 0 | E56: 0 | F56: 0 | G56: 0 | H56: 0
B57: total | C57: 5.4581225 | D57: 621.08291 | E57: 153.34345 | F57: 111.49667 | G57: 0.28913482 | H57: 0.46981258
A58: Efuel-grid | B58: fk_historical | C58: 3.3294674 | D58: 125.69077 | E58: 0 | F58: 0 | G58: 0 | H58: 0
B59: fk | C59: 2.0322681 | D59: 76.80645 | E59: 0.049473198 | F59: 0.029640685 | G59: 0.00022081042 | H59: 0.00073131749
B60: efuels | C60: 1.0887732 | D60: 226.85747 | E60: 124.86891 | F60: 26.000643 | G60: 0.6661432 | H60: 0.086922143
B61: atj | C61: 0 | D61: 0 | E61: 0 | F61: 0 | G61: 0 | H61: 0
B62: ft | C62: 0 | D62: 0 | E62: 0 | F62: 0 | G62: 0 | H62: 0
B63: hefa | C63: 0 | D63: 0 | E63: 0 | F63: 0 | G63: 0 | H63: 0
B64: lh2 | C64: 0 | D64: 0 | E64: 0 | F64: 0 | G64: 0 | H64: 0
B65: total | C65: 6.2152798 | D65: 420.47455 | E65: 124.91838 | F65: 26.030284 | G65: 0.66636401 | H65: 0.08765346
A66: Efuel-RES | B66: fk_historical | C66: 3.3294674 | D66: 125.69077 | E66: 0 | F66: 0 | G66: 0 | H66: 0
B67: fk | C67: 2.0322681 | D67: 76.80645 | E67: 0.049473198 | F67: 0.029640685 | G67: 0.00022081042 | H67: 0.00073131749
B68: efuels | C68: 0.56124788 | D68: 149.93428 | E68: 139.77747 | F68: 34.992115 | G68: 0.18551415 | H68: 0.08714495
B69: atj | C69: 0 | D69: 0 | E69: 0 | F69: 0 | G69: 0 | H69: 0
B70: ft | C70: 0 | D70: 0 | E70: 0 | F70: 0 | G70: 0 | H70: 0
B71: hefa | C71: 0 | D71: 0 | E71: 0 | F71: 0 | G71: 0 | H71: 0
B72: lh2 | C72: 0 | D72: 0 | E72: 0 | F72: 0 | G72: 0 | H72: 0
B73: total | C73: 5.6877544 | D73: 343.55137 | E73: 139.82694 | F73: 35.021755 | G73: 0.18573496 | H73: 0.087876267

Sheet REMIND SSP2-NPi
C1: CC | D1: BI | E1: N | F1: P | G1: FWU | H1: SOD | K1: Ratios to baseline
A2: Baseline | B2: fk_historical | C2: 3.3294674 | D2: 125.69077 | E2: 0 | F2: 0 | G2: 0 | H2: 0 | K2: CC | L2: BI | M2: N | N2: P | O2: SOD | P2: FWU
B3: fk | C3: 5.1296525 | D3: 198.35218 | E3: 4.9253321 | F3: 2.7827474 | G3: 0.01173039 | H3: 0.076022866 | J3: Roadmap-70 | K3: 0.9 | L3: 1.2 | M3: 5.7 | N3: 6.7 | O3: 5.5 | P3: 1.5
B4: efuels | C4: 0 | D4: 0 | E4: 0 | F4: 0 | G4: 0 | H4: 0 | J4: Roadmap-30-Bio | K4: 0.8 | L4: 1.7 | M4: 13.3 | N4: 16.8 | O4: 12.6 | P4: 2.5
B5: atj | C5: 0 | D5: 0 | E5: 0 | F5: 0 | G5: 0 | H5: 0 | J5: Roadmap-0 | K5: 0.7 | L5: 1.5 | M5: 19.9 | N5: 16.4 | O5: 21.1 | P5: 2.2
B6: ft | C6: 0 | D6: 0 | E6: 0 | F6: 0 | G6: 0 | H6: 0 | J6: Roadmap-30-Efuel | K6: 0.8 | L6: 1.5 | M6: 13.9 | N6: 13.1 | O6: 14.6 | P6: 2
B7: hefa | C7: 0 | D7: 0 | E7: 0 | F7: 0 | G7: 0 | H7: 0 | J7: Bio-Adv | K7: 0.5 | L7: 2 | M7: 16.5 | N7: 28 | O7: 13.3 | P7: 3.8
B8: lh2 | C8: 0 | D8: 0 | E8: 0 | F8: 0 | G8: 0 | H8: 0 | J8: Bio-HEFA | K8: 0.7 | L8: 1.2 | M8: 27.9 | N8: 38.7 | O8: 15.6 | P8: 6.4
B9: total | C9: 8.223891 | D9: 315.16282 | E9: 4.9253321 | F9: 2.7827474 | G9: 0.01173039 | H9: 0.076022866 | J9: Efuel-grid | K9: 0.9 | L9: 1.2 | M9: 22.1 | N9: 8.2 | O9: 27.1 | P9: 1.1
A10: Roadmap-70 | B10: fk_historical | C10: 3.3294674 | D10: 125.69077 | E10: 0 | F10: 0 | G10: 0 | H10: 0 | J10: Efuel-RES | K10: 0.7 | L10: 1.1 | M10: 25.1 | N10: 12 | O10: 11.7 | P10: 1.1
B11: fk | C11: 4.4941071 | D11: 173.09093 | E11: 3.5964745 | F11: 2.0319605 | G11: 0.0085655236 | H11: 0.055511851
B12: efuels | C12: 1.0965554 | D12: 52.007391 | E12: 9.2445676 | F12: 1.8301307 | G12: 0.044618353 | H12: 0.010390507
B13: atj | C13: 0.28084985 | D13: 60.787819 | E13: 1.9508219 | F13: 1.9226759 | G13: 0.0067054394 | H13: 0.013723122
B14: ft | C14: -0.22991061 | D14: 93.719864 | E14: 1.5321485 | F14: 3.1418158 | G14: 0.0031496936 | H14: 0.01328539
B15: hefa | C15: 0.013180163 | D15: 1.0874994 | E15: 5.7141735 | F15: 3.8863152 | G15: 0.0064795847 | H15: 0.016597932
B16: lh2 | C16: 0 | D16: 0 | E16: 0 | F16: 0 | G16: 0 | H16: 0
B17: total | C17: 8.7490204 | D17: 497.50415 | E17: 22.038186 | F17: 12.812898 | G17: 0.069518594 | H17: 0.1095088
A18: Roadmap-30-Bio | B18: fk_historical | C18: 3.3294674 | D18: 125.69077 | E18: 0 | F18: 0 | G18: 0 | H18: 0
B19: fk | C19: 3.1168182 | D19: 118.98636 | E19: 1.3859838 | F19: 0.78306247 | G19: 0.0033009205 | H19: 0.021392762
B20: efuels | C20: 2.8180489 | D20: 130.25416 | E20: 20.795494 | F20: 4.1168472 | G20: 0.10036821 | H20: 0.023373265
B21: atj | C21: 1.0476072 | D21: 182.66791 | E21: 5.5633849 | F21: 5.4831177 | G21: 0.019122679 | H21: 0.039135818
B22: ft | C22: -0.85354408 | D22: 259.80158 | E22: 4.3694055 | F22: 8.9598804 | G22: 0.0089823463 | H22: 0.037887487
B23: hefa | C23: 0.04942436 | D23: 3.5482053 | E23: 16.295771 | F23: 11.083056 | G23: 0.018478583 | H23: 0.047334248
B24: lh2 | C24: 0 | D24: 0 | E24: 0 | F24: 0 | G24: 0 | H24: 0
B25: total | C25: 9.272593 | D25: 812.06885 | E25: 48.410039 | F25: 30.425963 | G25: 0.15025274 | H25: 0.16912358
A26: Roadmap-0 | B26: fk_historical | C26: 3.3294674 | D26: 125.69077 | E26: 0 | F26: 0 | G26: 0 | H26: 0
B27: fk | C27: 1.7864013 | D27: 67.438459 | E27: 0 | F27: 0 | G27: 0 | H27: 0
B28: efuels | C28: 5.9430284 | D28: 293.73435 | E28: 60.442938 | F28: 11.965782 | G28: 0.29172423 | H28: 0.067935333
B29: atj | C29: 1.413297 | D29: 164.31415 | E29: 4.3132954 | F29: 4.2510641 | G29: 0.014825823 | H29: 0.030342021
B30: ft | C30: -1.1394847 | D30: 183.38946 | E30: 3.3876024 | F30: 6.9466001 | G30: 0.006964018 | H30: 0.029374189
B31: hefa | C31: 0.067265047 | D31: 3.8436782 | E31: 12.63412 | F31: 8.5926991 | G31: 0.014326455 | H31: 0.036698268
B32: lh2 | C32: 0.033540295 | D32: 4.3378608 | E32: 7.2616 | F32: 14.976897 | G32: 0.0080559913 | H32: 0.0021829497
B33: total | C33: 11.198286 | D33: 833.86859 | E33: 88.039556 | F33: 46.733042 | G33: 0.33589652 | H33: 0.16653276
A34: Roadmap-30-Efuel | B34: fk_historical | C34: 3.3294674 | D34: 125.69077 | E34: 0 | F34: 0 | G34: 0 | H34: 0
B35: fk | C35: 3.474519 | D35: 132.5774 | E35: 1.4775996 | F35: 0.83482422 | G35: 0.003519117 | H35: 0.02280686
B36: efuels | C36: 2.4441106 | D36: 136.28596 | E36: 38.348718 | F36: 7.591828 | G36: 0.18508779 | H36: 0.043102354
B37: atj | C37: 0.79294934 | D37: 124.66118 | E37: 3.6822343 | F37: 3.6291078 | G37: 0.012656716 | H37: 0.025902801
B38: ft | C38: -0.64153466 | D38: 169.06299 | E38: 2.8919758 | F38: 5.9302707 | G38: 0.0059451402 | H38: 0.025076569
B39: hefa | C39: 0.037598772 | D39: 2.5329113 | E39: 10.785672 | F39: 7.3355355 | G39: 0.012230409 | H39: 0.031329091
B40: lh2 | C40: 0 | D40: 0 | E40: 0 | F40: 0 | G40: 0 | H40: 0
B41: total | C41: 9.2018815 | D41: 681.93107 | E41: 57.1862 | F41: 25.321566 | G41: 0.21943918 | H41: 0.14821767
A42: Bio-Adv | B42: fk_historical | C42: 3.3294674 | D42: 125.69077 | E42: 0 | F42: 0 | G42: 0 | H42: 0
B43: fk | C43: 2.0410674 | D43: 77.097217 | E43: 0.046979239 | F43: 0.026542648 | G43: 0.00011188784 | H43: 0.00072512802
B44: efuels | C44: 0 | D44: 0 | E44: 0 | F44: 0 | G44: 0 | H44: 0
B45: atj | C45: 2.3852071 | D45: 358.10971 | E45: 10.42032 | F45: 10.269978 | G45: 0.035817122 | H45: 0.073302092
B46: ft | C46: -1.9498112 | D46: 473.35836 | E46: 8.1839752 | F46: 16.782017 | G46: 0.016824096 | H46: 0.070963946
B47: hefa | C47: 0.11263673 | D47: 7.4032891 | E47: 30.522273 | F47: 20.758763 | G47: 0.034610719 | H47: 0.088657899
B48: lh2 | C48: 0 | D48: 0 | E48: 0 | F48: 0 | G48: 0 | H48: 0
B49: total | C49: 5.6833384 | D49: 1032.7792 | E49: 49.173547 | F49: 47.837301 | G49: 0.087363825 | H49: 0.23364907
A50: Bio-HEFA | B50: fk_historical | C50: 3.3294674 | D50: 125.69077 | E50: 0 | F50: 0 | G50: 0 | H50: 0
B51: fk | C51: 2.0410674 | D51: 77.097217 | E51: 0.046979239 | F51: 0.026542648 | G51: 0.00011188784 | H51: 0.00072512802
B52: efuels | C52: 0 | D52: 0 | E52: 0 | F52: 0 | G52: 0 | H52: 0
B53: atj | C53: 0.84294391 | D53: 126.43342 | E53: 3.6777601 | F53: 3.6246982 | G53: 0.012641337 | H53: 0.025871327
B54: ft | C54: -0.68587537 | D54: 167.15423 | E54: 2.8884618 | F54: 5.9230649 | G54: 0.0059379164 | H54: 0.025046098
B55: hefa | C55: 0.5206654 | D55: 34.360959 | E55: 142.43727 | F55: 96.874227 | G55: 0.16151669 | H55: 0.41373686
B56: lh2 | C56: 0 | D56: 0 | E56: 0 | F56: 0 | G56: 0 | H56: 0
B57: total | C57: 5.8130397 | D57: 521.85647 | E57: 149.05047 | F57: 106.44853 | G57: 0.18020783 | H57: 0.46537942
A58: Efuel-grid | B58: fk_historical | C58: 3.3294674 | D58: 125.69077 | E58: 0 | F58: 0 | G58: 0 | H58: 0
B59: fk | C59: 2.0410674 | D59: 77.097217 | E59: 0.046979239 | F59: 0.026542648 | G59: 0.00011188784 | H59: 0.00072512802
B60: efuels | C60: 12.352757 | D60: 590.89609 | E60: 108.52268 | F60: 21.484043 | G60: 0.52377821 | H60: 0.12197495
B61: atj | C61: 0 | D61: 0 | E61: 0 | F61: 0 | G61: 0 | H61: 0
B62: ft | C62: 0 | D62: 0 | E62: 0 | F62: 0 | G62: 0 | H62: 0
B63: hefa | C63: 0 | D63: 0 | E63: 0 | F63: 0 | G63: 0 | H63: 0
B64: lh2 | C64: 0 | D64: 0 | E64: 0 | F64: 0 | G64: 0 | H64: 0
B65: total | C65: 17.488063 | D65: 784.80394 | E65: 108.56966 | F65: 21.510585 | G65: 0.5238901 | H65: 0.12270008
A66: Efuel-RES | B66: fk_historical | C66: 3.3294674 | D66: 125.69077 | E66: 0 | F66: 0 | G66: 0 | H66: 0
B67: fk | C67: 2.0410674 | D67: 77.097217 | E67: 0.046979239 | F67: 0.026542648 | G67: 0.00011188784 | H67: 0.00072512802
B68: efuels | C68: 0.55120005 | D68: 138.67074 | E68: 104.94422 | F68: 34.401198 | G68: 0.15986514 | H68: 0.086080795
B69: atj | C69: 0 | D69: 0 | E69: 0 | F69: 0 | G69: 0 | H69: 0
B70: ft | C70: 0 | D70: 0 | E70: 0 | F70: 0 | G70: 0 | H70: 0
B71: hefa | C71: 0 | D71: 0 | E71: 0 | F71: 0 | G71: 0 | H71: 0
B72: lh2 | C72: 0 | D72: 0 | E72: 0 | F72: 0 | G72: 0 | H72: 0
B73: total | C73: 5.6865058 | D73: 332.5786 | E73: 104.9912 | F73: 34.427741 | G73: 0.15997703 | H73: 0.086805923

Sheet IMAGE SSP2-RCP2.6
C1: CC | D1: BI | E1: N | F1: P | G1: FWU | H1: SOD | K1: Ratios to baseline
A2: Baseline | B2: fk_historical | C2: 3.3294674 | D2: 125.69077 | E2: 0 | F2: 0 | G2: 0 | H2: 0 | K2: CC | L2: BI | M2: N | N2: P | O2: SOD | P2: FWU
B3: fk | C3: 5.1324018 | D3: 198.3431 | E3: 4.3134701 | F3: 2.5152353 | G3: 0.018982308 | H3: 0.075409853 | J3: Roadmap-70 | K3: 0.9 | L3: 1.2 | M3: 5.7 | N3: 6.7 | O3: 5.5 | P3: 1.5
B4: efuels | C4: 0 | D4: 0 | E4: 0 | F4: 0 | G4: 0 | H4: 0 | J4: Roadmap-30-Bio | K4: 0.8 | L4: 1.7 | M4: 13.3 | N4: 16.8 | O4: 12.6 | P4: 2.5
B5: atj | C5: 0 | D5: 0 | E5: 0 | F5: 0 | G5: 0 | H5: 0 | J5: Roadmap-0 | K5: 0.7 | L5: 1.5 | M5: 19.9 | N5: 16.4 | O5: 21.1 | P5: 2.2
B6: ft | C6: 0 | D6: 0 | E6: 0 | F6: 0 | G6: 0 | H6: 0 | J6: Roadmap-30-Efuel | K6: 0.8 | L6: 1.5 | M6: 13.9 | N6: 13.1 | O6: 14.6 | P6: 2
B7: hefa | C7: 0 | D7: 0 | E7: 0 | F7: 0 | G7: 0 | H7: 0 | J7: Bio-Adv | K7: 0.5 | L7: 2 | M7: 16.5 | N7: 28 | O7: 13.3 | P7: 3.8
B8: lh2 | C8: 0 | D8: 0 | E8: 0 | F8: 0 | G8: 0 | H8: 0 | J8: Bio-HEFA | K8: 0.7 | L8: 1.2 | M8: 27.9 | N8: 38.7 | O8: 15.6 | P8: 6.4
B9: total | C9: 8.2266402 | D9: 315.15374 | E9: 4.3134701 | F9: 2.5152353 | G9: 0.018982308 | H9: 0.075409853 | J9: Efuel-grid | K9: 0.9 | L9: 1.2 | M9: 22.1 | N9: 8.2 | O9: 27.1 | P9: 1.1
A10: Roadmap-70 | B10: fk_historical | C10: 3.3294674 | D10: 125.69077 | E10: 0 | F10: 0 | G10: 0 | H10: 0 | J10: Efuel-RES | K10: 0.7 | L10: 1.1 | M10: 25.1 | N10: 12 | O10: 11.7 | P10: 1.1
B11: fk | C11: 4.4970097 | D11: 173.11809 | E11: 3.1496933 | F11: 1.8366233 | G11: 0.01386087 | H11: 0.055064229
B12: efuels | C12: 0.54986132 | D12: 38.948207 | E12: 9.0226926 | F12: 2.0359741 | G12: 0.24311998 | H12: 0.015684381
B13: atj | C13: 0.28250493 | D13: 81.647989 | E13: 1.7869447 | F13: 2.4022544 | G13: 0.024195058 | H13: 0.013896473
B14: ft | C14: -0.22493286 | D14: 94.047427 | E14: 1.3087728 | F14: 2.9948027 | G14: 0.0053309689 | H14: 0.012657986
B15: hefa | C15: 0.012872911 | D15: 1.2298328 | E15: 5.6056962 | F15: 3.8580548 | G15: 0.0080860654 | H15: 0.016543759
B16: lh2 | C16: 0 | D16: 0 | E16: 0 | F16: 0 | G16: 0 | H16: 0
B17: total | C17: 8.2115544 | D17: 505.80219 | E17: 20.8738 | F17: 13.127709 | G17: 0.29459295 | H17: 0.11384683
A18: Roadmap-30-Bio | B18: fk_historical | C18: 3.3294674 | D18: 125.69077 | E18: 0 | F18: 0 | G18: 0 | H18: 0
B19: fk | C19: 3.1195815 | D19: 119.05891 | E19: 1.2138064 | F19: 0.70778481 | G19: 0.0053416032 | H19: 0.021220261
B20: efuels | C20: 1.551345 | D20: 99.483801 | E20: 20.29639 | F20: 4.5798883 | G20: 0.54689417 | H20: 0.035281743
B21: atj | C21: 1.0569521 | D21: 242.33187 | E21: 5.0960374 | F21: 6.8507873 | G21: 0.068999853 | H21: 0.039630183
B22: ft | C22: -0.83384609 | D22: 260.94345 | E22: 3.7323792 | F22: 8.5406262 | G22: 0.015202942 | H22: 0.036098247
B23: hefa | C23: 0.048752145 | D23: 3.9618157 | E23: 15.986414 | F23: 11.002462 | G23: 0.02305997 | H23: 0.047179757
B24: lh2 | C24: 0 | D24: 0 | E24: 0 | F24: 0 | G24: 0 | H24: 0
B25: total | C25: 8.0370231 | D25: 842.59049 | E25: 46.325026 | F25: 31.681549 | G25: 0.65949854 | H25: 0.17941019
A26: Roadmap-0 | B26: fk_historical | C26: 3.3294674 | D26: 125.69077 | E26: 0 | F26: 0 | G26: 0 | H26: 0
B27: fk | C27: 1.788833 | D27: 67.530259 | E27: 0 | F27: 0 | G27: 0 | H27: 0
B28: efuels | C28: 3.031851 | D28: 233.38803 | E28: 58.992272 | F28: 13.31163 | G28: 1.5895699 | H28: 0.1025478
B29: atj | C29: 1.4329236 | D29: 211.03907 | E29: 3.9509605 | F29: 5.3114191 | G29: 0.053495623 | H29: 0.030725303
B30: ft | C30: -1.110745 | D30: 184.78317 | E30: 2.8937156 | F30: 6.6215521 | G30: 0.011786849 | H30: 0.027986991
B31: hefa | C31: 0.067466613 | D31: 4.1916345 | E31: 12.394275 | F31: 8.530215 | G31: 0.017878407 | H31: 0.036578491
B32: lh2 | C32: 0.058718753 | D32: 5.6580558 | E32: 7.363106 | F32: 15.029947 | G32: 0.070040465 | H32: 0.0050618189
B33: total | C33: 8.3632864 | D33: 823.40086 | E33: 85.59433 | F33: 48.804763 | G33: 1.7427712 | H33: 0.20290041
A34: Roadmap-30-Efuel | B34: fk_historical | C34: 3.3294674 | D34: 125.69077 | E34: 0 | F34: 0 | G34: 0 | H34: 0
B35: fk | C35: 3.4774431 | D35: 132.65392 | E35: 1.294041 | F35: 0.75457058 | G35: 0.0056946923 | H35: 0.022622956
B36: efuels | C36: 1.1234836 | D36: 117.87079 | E36: 37.428326 | F36: 8.4457166 | G36: 1.0085209 | H36: 0.065062634
B37: atj | C37: 0.80240165 | D37: 164.27427 | E37: 3.3729112 | F37: 4.5343265 | G37: 0.045668892 | H37: 0.026230006
B38: ft | C38: -0.62615162 | D38: 169.90731 | E38: 2.4703476 | F38: 5.6527791 | G38: 0.010062362 | H38: 0.023892325
B39: hefa | C39: 0.037507118 | D39: 2.8200035 | E39: 10.580918 | F39: 7.2821932 | G39: 0.015262689 | H39: 0.031226837
B40: lh2 | C40: 0 | D40: 0 | E40: 0 | F40: 0 | G40: 0 | H40: 0
B41: total | C41: 7.9089223 | D41: 704.33693 | E41: 55.146544 | F41: 26.669586 | G41: 1.0852095 | H41: 0.16903476
A42: Bio-Adv | B42: fk_historical | C42: 3.3294674 | D42: 125.69077 | E42: 0 | F42: 0 | G42: 0 | H42: 0
B43: fk | C43: 2.0438265 | D43: 77.200302 | E43: 0.041143122 | F43: 0.02399104 | G43: 0.00018105873 | H43: 0.00071928093
B44: efuels | C44: 0 | D44: 0 | E44: 0 | F44: 0 | G44: 0 | H44: 0
B45: atj | C45: 2.4115066 | D45: 470.19346 | E45: 9.5449697 | F45: 12.831648 | G45: 0.12923797 | H45: 0.074228047
B46: ft | C46: -1.9026518 | D46: 475.88461 | E46: 6.9908134 | F46: 15.996747 | G46: 0.028475384 | H46: 0.067612667
B47: hefa | C47: 0.11159338 | D47: 8.1861324 | E47: 29.942841 | F47: 20.60781 | G47: 0.043191739 | H47: 0.088368534
B48: lh2 | C48: 0 | D48: 0 | E48: 0 | F48: 0 | G48: 0 | H48: 0
B49: total | C49: 5.7585131 | D49: 1148.2751 | E49: 46.519767 | F49: 49.460196 | G49: 0.20108615 | H49: 0.23092853
A50: Bio-HEFA | B50: fk_historical | C50: 3.3294674 | D50: 125.69077 | E50: 0 | F50: 0 | G50: 0 | H50: 0
B51: fk | C51: 2.0438265 | D51: 77.200302 | E51: 0.041143122 | F51: 0.02399104 | G51: 0.00018105873 | H51: 0.00071928093
B52: efuels | C52: 0 | D52: 0 | E52: 0 | F52: 0 | G52: 0 | H52: 0
B53: atj | C53: 0.85226114 | D53: 165.99371 | E53: 3.3688128 | F53: 4.5288169 | G53: 0.0456134 | H53: 0.026198134
B54: ft | C54: -0.66923305 | D54: 168.04577 | E54: 2.4673459 | F54: 5.6459106 | G54: 0.010050136 | H54: 0.023863294
B55: hefa | C55: 0.51566672 | D55: 38.009332 | E55: 139.73326 | F55: 96.16978 | G55: 0.20156145 | H55: 0.41238649
B56: lh2 | C56: 0 | D56: 0 | E56: 0 | F56: 0 | G56: 0 | H56: 0
B57: total | C57: 5.8367598 | D57: 566.05975 | E57: 145.61056 | F57: 106.3685 | G57: 0.25740604 | H57: 0.4631672
A58: Efuel-grid | B58: fk_historical | C58: 3.3294674 | D58: 125.69077 | E58: 0 | F58: 0 | G58: 0 | H58: 0
B59: fk | C59: 2.0438265 | D59: 77.200302 | E59: 0.041143122 | F59: 0.02399104 | G59: 0.00018105873 | H59: 0.00071928093
B60: efuels | C60: 6.1500787 | D60: 445.71 | E60: 105.91807 | F60: 23.900454 | G60: 2.8540038 | H60: 0.18412014
B61: atj | C61: 0 | D61: 0 | E61: 0 | F61: 0 | G61: 0 | H61: 0
B62: ft | C62: 0 | D62: 0 | E62: 0 | F62: 0 | G62: 0 | H62: 0
B63: hefa | C63: 0 | D63: 0 | E63: 0 | F63: 0 | G63: 0 | H63: 0
B64: lh2 | C64: 0 | D64: 0 | E64: 0 | F64: 0 | G64: 0 | H64: 0
B65: total | C65: 11.288144 | D65: 639.72094 | E65: 105.95921 | F65: 23.924445 | G65: 2.8541849 | H65: 0.18483942
A66: Efuel-RES | B66: fk_historical | C66: 3.3294674 | D66: 125.69077 | E66: 0 | F66: 0 | G66: 0 | H66: 0
B67: fk | C67: 2.0438265 | D67: 77.200302 | E67: 0.041143122 | F67: 0.02399104 | G67: 0.00018105873 | H67: 0.00071928093
B68: efuels | C68: 0.023275731 | D68: 120.50053 | E68: 136.57543 | F68: 33.474334 | G68: 0.23680881 | H68: 0.064564651
B69: atj | C69: 0 | D69: 0 | E69: 0 | F69: 0 | G69: 0 | H69: 0
B70: ft | C70: 0 | D70: 0 | E70: 0 | F70: 0 | G70: 0 | H70: 0
B71: hefa | C71: 0 | D71: 0 | E71: 0 | F71: 0 | G71: 0 | H71: 0
B72: lh2 | C72: 0 | D72: 0 | E72: 0 | F72: 0 | G72: 0 | H72: 0
B73: total | C73: 5.1613407 | D73: 314.51147 | E73: 136.61657 | F73: 33.498325 | G73: 0.23698987 | H73: 0.065283932

Sheet REMIND SSP2-RCP2.6 (GDP)
C1: CC | D1: BI | E1: N | F1: P | G1: SOD | H1: FWU | K1: Ratios to baseline
A2: Baseline | B2: fk_historical | C2: ='REMIND SSP2-RCP2.6'!C2/'REMIND SSP2-RCP2.6 (GDP)'!K$14*'REMIND SSP2-RCP2.6 (GDP)'!K$13 -> 1.033283 | D2: ='REMIND SSP2-RCP2.6'!D2/'REMIND SSP2-RCP2.6 (GDP)'!L$14*'REMIND SSP2-RCP2.6 (GDP)'!L$13 -> 0.52009974 | E2: ='REMIND SSP2-RCP2.6'!E2/'REMIND SSP2-RCP2.6 (GDP)'!M$14*'REMIND SSP2-RCP2.6 (GDP)'!M$13 -> 0 | F2: ='REMIND SSP2-RCP2.6'!F2/'REMIND SSP2-RCP2.6 (GDP)'!N$14*'REMIND SSP2-RCP2.6 (GDP)'!N$13 -> 0 | G2: ='REMIND SSP2-RCP2.6'!G2/'REMIND SSP2-RCP2.6 (GDP)'!O$14*'REMIND SSP2-RCP2.6 (GDP)'!O$13 -> 0 | H2: ='REMIND SSP2-RCP2.6'!H2/'REMIND SSP2-RCP2.6 (GDP)'!P$14*'REMIND SSP2-RCP2.6 (GDP)'!P$13 -> 0 | K2: CC | L2: BI | M2: N | N2: P | O2: SOD | P2: FWU
B3: fk | C3: ='REMIND SSP2-RCP2.6'!C3/'REMIND SSP2-RCP2.6 (GDP)'!K$14*'REMIND SSP2-RCP2.6 (GDP)'!K$13 -> 1.586005 | D3: ='REMIND SSP2-RCP2.6'!D3/'REMIND SSP2-RCP2.6 (GDP)'!L$14*'REMIND SSP2-RCP2.6 (GDP)'!L$13 -> 0.8198229 | E3: ='REMIND SSP2-RCP2.6'!E3/'REMIND SSP2-RCP2.6 (GDP)'!M$14*'REMIND SSP2-RCP2.6 (GDP)'!M$13 -> 0.041452716 | F3: ='REMIND SSP2-RCP2.6'!F3/'REMIND SSP2-RCP2.6 (GDP)'!N$14*'REMIND SSP2-RCP2.6 (GDP)'!N$13 -> 0.0021502218 | G3: ='REMIND SSP2-RCP2.6'!G3/'REMIND SSP2-RCP2.6 (GDP)'!O$14*'REMIND SSP2-RCP2.6 (GDP)'!O$13 -> 0.010386724 | H3: ='REMIND SSP2-RCP2.6'!H3/'REMIND SSP2-RCP2.6 (GDP)'!P$14*'REMIND SSP2-RCP2.6 (GDP)'!P$13 -> 0.010505227 | J3: Roadmap-70 | K3: =C17/C9 -> 0.9210332 | L3: =D17/D9 -> 1.2820593 | M3: =E17/E9 -> 5.6913816 | N3: =F17/F9 -> 6.6704607 | O3: =G17/G9 -> 5.5296666 | P3: =H17/H9 -> 1.53834
B4: efuels | C4: ='REMIND SSP2-RCP2.6'!C4/'REMIND SSP2-RCP2.6 (GDP)'!K$14*'REMIND SSP2-RCP2.6 (GDP)'!K$13 -> 0 | D4: ='REMIND SSP2-RCP2.6'!D4/'REMIND SSP2-RCP2.6 (GDP)'!L$14*'REMIND SSP2-RCP2.6 (GDP)'!L$13 -> 0 | E4: ='REMIND SSP2-RCP2.6'!E4/'REMIND SSP2-RCP2.6 (GDP)'!M$14*'REMIND SSP2-RCP2.6 (GDP)'!M$13 -> 0 | F4: ='REMIND SSP2-RCP2.6'!F4/'REMIND SSP2-RCP2.6 (GDP)'!N$14*'REMIND SSP2-RCP2.6 (GDP)'!N$13 -> 0 | G4: ='REMIND SSP2-RCP2.6'!G4/'REMIND SSP2-RCP2.6 (GDP)'!O$14*'REMIND SSP2-RCP2.6 (GDP)'!O$13 -> 0 | H4: ='REMIND SSP2-RCP2.6'!H4/'REMIND SSP2-RCP2.6 (GDP)'!P$14*'REMIND SSP2-RCP2.6 (GDP)'!P$13 -> 0 | J4: Roadmap-30-Bio | K4: =C25/C9 -> 0.74249459 | L4: =D25/D9 -> 1.7549149 | M4: =E25/E9 -> 13.297708 | N4: =F25/F9 -> 16.8034 | O4: =G25/G9 -> 12.577169 | P4: =H25/H9 -> 2.5284198
B5: atj | C5: ='REMIND SSP2-RCP2.6'!C5/'REMIND SSP2-RCP2.6 (GDP)'!K$14*'REMIND SSP2-RCP2.6 (GDP)'!K$13 -> 0 | D5: ='REMIND SSP2-RCP2.6'!D5/'REMIND SSP2-RCP2.6 (GDP)'!L$14*'REMIND SSP2-RCP2.6 (GDP)'!L$13 -> 0 | E5: ='REMIND SSP2-RCP2.6'!E5/'REMIND SSP2-RCP2.6 (GDP)'!M$14*'REMIND SSP2-RCP2.6 (GDP)'!M$13 -> 0 | F5: ='REMIND SSP2-RCP2.6'!F5/'REMIND SSP2-RCP2.6 (GDP)'!N$14*'REMIND SSP2-RCP2.6 (GDP)'!N$13 -> 0 | G5: ='REMIND SSP2-RCP2.6'!G5/'REMIND SSP2-RCP2.6 (GDP)'!O$14*'REMIND SSP2-RCP2.6 (GDP)'!O$13 -> 0 | H5: ='REMIND SSP2-RCP2.6'!H5/'REMIND SSP2-RCP2.6 (GDP)'!P$14*'REMIND SSP2-RCP2.6 (GDP)'!P$13 -> 0 | J5: Roadmap-0 | K5: =C33/C9 -> 0.61367522 | L5: =D33/D9 -> 1.54905 | M5: =E33/E9 -> 19.871442 | N5: =F33/F9 -> 16.444805 | O5: =G33/G9 -> 21.126568 | P5: =H33/H9 -> 2.2264249
B6: ft | C6: ='REMIND SSP2-RCP2.6'!C6/'REMIND SSP2-RCP2.6 (GDP)'!K$14*'REMIND SSP2-RCP2.6 (GDP)'!K$13 -> 0 | D6: ='REMIND SSP2-RCP2.6'!D6/'REMIND SSP2-RCP2.6 (GDP)'!L$14*'REMIND SSP2-RCP2.6 (GDP)'!L$13 -> 0 | E6: ='REMIND SSP2-RCP2.6'!E6/'REMIND SSP2-RCP2.6 (GDP)'!M$14*'REMIND SSP2-RCP2.6 (GDP)'!M$13 -> 0 | F6: ='REMIND SSP2-RCP2.6'!F6/'REMIND SSP2-RCP2.6 (GDP)'!N$14*'REMIND SSP2-RCP2.6 (GDP)'!N$13 -> 0 | G6: ='REMIND SSP2-RCP2.6'!G6/'REMIND SSP2-RCP2.6 (GDP)'!O$14*'REMIND SSP2-RCP2.6 (GDP)'!O$13 -> 0 | H6: ='REMIND SSP2-RCP2.6'!H6/'REMIND SSP2-RCP2.6 (GDP)'!P$14*'REMIND SSP2-RCP2.6 (GDP)'!P$13 -> 0 | J6: Roadmap-30-Efuel | K6: =C41/C9 -> 0.77376524 | L6: =D41/D9 -> 1.5228033 | M6: =E41/E9 -> 13.913332 | N6: =F41/F9 -> 13.083277 | O6: =G41/G9 -> 14.581524 | P6: =H41/H9 -> 2.041756
B7: hefa | C7: ='REMIND SSP2-RCP2.6'!C7/'REMIND SSP2-RCP2.6 (GDP)'!K$14*'REMIND SSP2-RCP2.6 (GDP)'!K$13 -> 0 | D7: ='REMIND SSP2-RCP2.6'!D7/'REMIND SSP2-RCP2.6 (GDP)'!L$14*'REMIND SSP2-RCP2.6 (GDP)'!L$13 -> 0 | E7: ='REMIND SSP2-RCP2.6'!E7/'REMIND SSP2-RCP2.6 (GDP)'!M$14*'REMIND SSP2-RCP2.6 (GDP)'!M$13 -> 0 | F7: ='REMIND SSP2-RCP2.6'!F7/'REMIND SSP2-RCP2.6 (GDP)'!N$14*'REMIND SSP2-RCP2.6 (GDP)'!N$13 -> 0 | G7: ='REMIND SSP2-RCP2.6'!G7/'REMIND SSP2-RCP2.6 (GDP)'!O$14*'REMIND SSP2-RCP2.6 (GDP)'!O$13 -> 0 | H7: ='REMIND SSP2-RCP2.6'!H7/'REMIND SSP2-RCP2.6 (GDP)'!P$14*'REMIND SSP2-RCP2.6 (GDP)'!P$13 -> 0 | J7: Bio-Adv | K7: =C49/C9 -> 0.4185382 | L7: =D49/D9 -> 2.1927516 | M7: =E49/E9 -> 16.47049 | N7: =F49/F9 -> 28.027915 | O7: =G49/G9 -> 13.306709 | P7: =H49/H9 -> 3.8150037
B8: lh2 | C8: ='REMIND SSP2-RCP2.6'!C8/'REMIND SSP2-RCP2.6 (GDP)'!K$14*'REMIND SSP2-RCP2.6 (GDP)'!K$13 -> 0 | D8: ='REMIND SSP2-RCP2.6'!D8/'REMIND SSP2-RCP2.6 (GDP)'!L$14*'REMIND SSP2-RCP2.6 (GDP)'!L$13 -> 0 | E8: ='REMIND SSP2-RCP2.6'!E8/'REMIND SSP2-RCP2.6 (GDP)'!M$14*'REMIND SSP2-RCP2.6 (GDP)'!M$13 -> 0 | F8: ='REMIND SSP2-RCP2.6'!F8/'REMIND SSP2-RCP2.6 (GDP)'!N$14*'REMIND SSP2-RCP2.6 (GDP)'!N$13 -> 0 | G8: ='REMIND SSP2-RCP2.6'!G8/'REMIND SSP2-RCP2.6 (GDP)'!O$14*'REMIND SSP2-RCP2.6 (GDP)'!O$13 -> 0 | H8: ='REMIND SSP2-RCP2.6'!H8/'REMIND SSP2-RCP2.6 (GDP)'!P$14*'REMIND SSP2-RCP2.6 (GDP)'!P$13 -> 0 | J8: Bio-HEFA | K8: =C57/C9 -> 0.60776077 | L8: =D57/D9 -> 1.2777372 | M8: =E57/E9 -> 27.888914 | N8: =F57/F9 -> 38.728581 | O8: =G57/G9 -> 15.570348 | P8: =H57/H9 -> 6.3797538
B9: total | C9: ='REMIND SSP2-RCP2.6'!C9/'REMIND SSP2-RCP2.6 (GDP)'!K$14*'REMIND SSP2-RCP2.6 (GDP)'!K$13 -> 2.619288 | D9: ='REMIND SSP2-RCP2.6'!D9/'REMIND SSP2-RCP2.6 (GDP)'!L$14*'REMIND SSP2-RCP2.6 (GDP)'!L$13 -> 1.3399226 | E9: ='REMIND SSP2-RCP2.6'!E9/'REMIND SSP2-RCP2.6 (GDP)'!M$14*'REMIND SSP2-RCP2.6 (GDP)'!M$13 -> 0.041452716 | F9: ='REMIND SSP2-RCP2.6'!F9/'REMIND SSP2-RCP2.6 (GDP)'!N$14*'REMIND SSP2-RCP2.6 (GDP)'!N$13 -> 0.0021502218 | G9: ='REMIND SSP2-RCP2.6'!G9/'REMIND SSP2-RCP2.6 (GDP)'!O$14*'REMIND SSP2-RCP2.6 (GDP)'!O$13 -> 0.010386724 | H9: ='REMIND SSP2-RCP2.6'!H9/'REMIND SSP2-RCP2.6 (GDP)'!P$14*'REMIND SSP2-RCP2.6 (GDP)'!P$13 -> 0.010505227 | J9: Efuel-grid | K9: =C65/C9 -> 0.86951773 | L9: =D65/D9 -> 1.2161518 | M9: =E65/E9 -> 22.072827 | N9: =F65/F9 -> 8.166438 | O9: =G65/G9 -> 27.127517 | P9: =H65/H9 -> 1.1330518
A10: Roadmap-70 | B10: fk_historical | C10: ='REMIND SSP2-RCP2.6'!C10/'REMIND SSP2-RCP2.6 (GDP)'!K$14*'REMIND SSP2-RCP2.6 (GDP)'!K$13 -> 1.033283 | D10: ='REMIND SSP2-RCP2.6'!D10/'REMIND SSP2-RCP2.6 (GDP)'!L$14*'REMIND SSP2-RCP2.6 (GDP)'!L$13 -> 0.52009974 | E10: ='REMIND SSP2-RCP2.6'!E10/'REMIND SSP2-RCP2.6 (GDP)'!M$14*'REMIND SSP2-RCP2.6 (GDP)'!M$13 -> 0 | F10: ='REMIND SSP2-RCP2.6'!F10/'REMIND SSP2-RCP2.6 (GDP)'!N$14*'REMIND SSP2-RCP2.6 (GDP)'!N$13 -> 0 | G10: ='REMIND SSP2-RCP2.6'!G10/'REMIND SSP2-RCP2.6 (GDP)'!O$14*'REMIND SSP2-RCP2.6 (GDP)'!O$13 -> 0 | H10: ='REMIND SSP2-RCP2.6'!H10/'REMIND SSP2-RCP2.6 (GDP)'!P$14*'REMIND SSP2-RCP2.6 (GDP)'!P$13 -> 0 | J10: Efuel-RES | K10: =C73/C9 -> 0.70881058 | L10: =D73/D9 -> 1.0646553 | M10: =E73/E9 -> 25.121319 | N10: =F73/F9 -> 11.965255 | O10: =G73/G9 -> 11.730952 | P10: =H73/H9 -> 1.1332429
B11: fk | C11: ='REMIND SSP2-RCP2.6'!C11/'REMIND SSP2-RCP2.6 (GDP)'!K$14*'REMIND SSP2-RCP2.6 (GDP)'!K$13 -> 1.3897137 | D11: ='REMIND SSP2-RCP2.6'!D11/'REMIND SSP2-RCP2.6 (GDP)'!L$14*'REMIND SSP2-RCP2.6 (GDP)'!L$13 -> 0.71521628 | E11: ='REMIND SSP2-RCP2.6'!E11/'REMIND SSP2-RCP2.6 (GDP)'!M$14*'REMIND SSP2-RCP2.6 (GDP)'!M$13 -> 0.030268748 | F11: ='REMIND SSP2-RCP2.6'!F11/'REMIND SSP2-RCP2.6 (GDP)'!N$14*'REMIND SSP2-RCP2.6 (GDP)'!N$13 -> 0.0015700906 | G11: ='REMIND SSP2-RCP2.6'!G11/'REMIND SSP2-RCP2.6 (GDP)'!O$14*'REMIND SSP2-RCP2.6 (GDP)'!O$13 -> 0.0075843798 | H11: ='REMIND SSP2-RCP2.6'!H11/'REMIND SSP2-RCP2.6 (GDP)'!P$14*'REMIND SSP2-RCP2.6 (GDP)'!P$13 -> 0.0076709103
B12: efuels | C12: ='REMIND SSP2-RCP2.6'!C12/'REMIND SSP2-RCP2.6 (GDP)'!K$14*'REMIND SSP2-RCP2.6 (GDP)'!K$13 -> 0.05680288 | D12: ='REMIND SSP2-RCP2.6'!D12/'REMIND SSP2-RCP2.6 (GDP)'!L$14*'REMIND SSP2-RCP2.6 (GDP)'!L$13 -> 0.06973303 | E12: ='REMIND SSP2-RCP2.6'!E12/'REMIND SSP2-RCP2.6 (GDP)'!M$14*'REMIND SSP2-RCP2.6 (GDP)'!M$13 -> 0.077909307 | F12: ='REMIND SSP2-RCP2.6'!F12/'REMIND SSP2-RCP2.6 (GDP)'!N$14*'REMIND SSP2-RCP2.6 (GDP)'!N$13 -> 0.0014940822 | G12: ='REMIND SSP2-RCP2.6'!G12/'REMIND SSP2-RCP2.6 (GDP)'!O$14*'REMIND SSP2-RCP2.6 (GDP)'!O$13 -> 0.023993965 | H12: ='REMIND SSP2-RCP2.6'!H12/'REMIND SSP2-RCP2.6 (GDP)'!P$14*'REMIND SSP2-RCP2.6 (GDP)'!P$13 -> 0.0010054254 | J12: shares | K12: CC | L12: BI | M12: N | N12: P | O12: SOD | P12: FWU
B13: atj | C13: ='REMIND SSP2-RCP2.6'!C13/'REMIND SSP2-RCP2.6 (GDP)'!K$14*'REMIND SSP2-RCP2.6 (GDP)'!K$13 -> 0.0020423276 | D13: ='REMIND SSP2-RCP2.6'!D13/'REMIND SSP2-RCP2.6 (GDP)'!L$14*'REMIND SSP2-RCP2.6 (GDP)'!L$13 -> 0.019114711 | E13: ='REMIND SSP2-RCP2.6'!E13/'REMIND SSP2-RCP2.6 (GDP)'!M$14*'REMIND SSP2-RCP2.6 (GDP)'!M$13 -> 0.076304732 | F13: ='REMIND SSP2-RCP2.6'!F13/'REMIND SSP2-RCP2.6 (GDP)'!N$14*'REMIND SSP2-RCP2.6 (GDP)'!N$13 -> 0.0063584284 | G13: ='REMIND SSP2-RCP2.6'!G13/'REMIND SSP2-RCP2.6 (GDP)'!O$14*'REMIND SSP2-RCP2.6 (GDP)'!O$13 -> 0.0167132 | H13: ='REMIND SSP2-RCP2.6'!H13/'REMIND SSP2-RCP2.6 (GDP)'!P$14*'REMIND SSP2-RCP2.6 (GDP)'!P$13 -> 0.0033352501 | J13: FHN | K13: 0.9 | L13: 0.012 | M13: 0.02 | N13: 0.002 | O13: 2.2 | P13: 0.4
B14: ft | C14: ='REMIND SSP2-RCP2.6'!C14/'REMIND SSP2-RCP2.6 (GDP)'!K$14*'REMIND SSP2-RCP2.6 (GDP)'!K$13 -> -0.0728492 | D14: ='REMIND SSP2-RCP2.6'!D14/'REMIND SSP2-RCP2.6 (GDP)'!L$14*'REMIND SSP2-RCP2.6 (GDP)'!L$13 -> 0.38898589 | E14: ='REMIND SSP2-RCP2.6'!E14/'REMIND SSP2-RCP2.6 (GDP)'!M$14*'REMIND SSP2-RCP2.6 (GDP)'!M$13 -> 0.011736639 | F14: ='REMIND SSP2-RCP2.6'!F14/'REMIND SSP2-RCP2.6 (GDP)'!N$14*'REMIND SSP2-RCP2.6 (GDP)'!N$13 -> 0.00222998 | G14: ='REMIND SSP2-RCP2.6'!G14/'REMIND SSP2-RCP2.6 (GDP)'!O$14*'REMIND SSP2-RCP2.6 (GDP)'!O$13 -> 0.0042446622 | H14: ='REMIND SSP2-RCP2.6'!H14/'REMIND SSP2-RCP2.6 (GDP)'!P$14*'REMIND SSP2-RCP2.6 (GDP)'!P$13 -> 0.0018570609 | J14: GDP | K14: 2.9 | L14: 2.9 | M14: 2.9 | N14: 2.9 | O14: 2.9 | P14: 2.9
B15: hefa | C15: ='REMIND SSP2-RCP2.6'!C15/'REMIND SSP2-RCP2.6 (GDP)'!K$14*'REMIND SSP2-RCP2.6 (GDP)'!K$13 -> 0.0034584669 | D15: ='REMIND SSP2-RCP2.6'!D15/'REMIND SSP2-RCP2.6 (GDP)'!L$14*'REMIND SSP2-RCP2.6 (GDP)'!L$13 -> 0.0047106401 | E15: ='REMIND SSP2-RCP2.6'!E15/'REMIND SSP2-RCP2.6 (GDP)'!M$14*'REMIND SSP2-RCP2.6 (GDP)'!M$13 -> 0.039703798 | F15: ='REMIND SSP2-RCP2.6'!F15/'REMIND SSP2-RCP2.6 (GDP)'!N$14*'REMIND SSP2-RCP2.6 (GDP)'!N$13 -> 0.0026903886 | G15: ='REMIND SSP2-RCP2.6'!G15/'REMIND SSP2-RCP2.6 (GDP)'!O$14*'REMIND SSP2-RCP2.6 (GDP)'!O$13 -> 0.0048989151 | H15: ='REMIND SSP2-RCP2.6'!H15/'REMIND SSP2-RCP2.6 (GDP)'!P$14*'REMIND SSP2-RCP2.6 (GDP)'!P$13 -> 0.0022919645
B16: lh2 | C16: ='REMIND SSP2-RCP2.6'!C16/'REMIND SSP2-RCP2.6 (GDP)'!K$14*'REMIND SSP2-RCP2.6 (GDP)'!K$13 -> 0 | D16: ='REMIND SSP2-RCP2.6'!D16/'REMIND SSP2-RCP2.6 (GDP)'!L$14*'REMIND SSP2-RCP2.6 (GDP)'!L$13 -> 0 | E16: ='REMIND SSP2-RCP2.6'!E16/'REMIND SSP2-RCP2.6 (GDP)'!M$14*'REMIND SSP2-RCP2.6 (GDP)'!M$13 -> 0 | F16: ='REMIND SSP2-RCP2.6'!F16/'REMIND SSP2-RCP2.6 (GDP)'!N$14*'REMIND SSP2-RCP2.6 (GDP)'!N$13 -> 0 | G16: ='REMIND SSP2-RCP2.6'!G16/'REMIND SSP2-RCP2.6 (GDP)'!O$14*'REMIND SSP2-RCP2.6 (GDP)'!O$13 -> 0 | H16: ='REMIND SSP2-RCP2.6'!H16/'REMIND SSP2-RCP2.6 (GDP)'!P$14*'REMIND SSP2-RCP2.6 (GDP)'!P$13 -> 0
B17: total | C17: ='REMIND SSP2-RCP2.6'!C17/'REMIND SSP2-RCP2.6 (GDP)'!K$14*'REMIND SSP2-RCP2.6 (GDP)'!K$13 -> 2.4124512 | D17: ='REMIND SSP2-RCP2.6'!D17/'REMIND SSP2-RCP2.6 (GDP)'!L$14*'REMIND SSP2-RCP2.6 (GDP)'!L$13 -> 1.7178603 | E17: ='REMIND SSP2-RCP2.6'!E17/'REMIND SSP2-RCP2.6 (GDP)'!M$14*'REMIND SSP2-RCP2.6 (GDP)'!M$13 -> 0.23592322 | F17: ='REMIND SSP2-RCP2.6'!F17/'REMIND SSP2-RCP2.6 (GDP)'!N$14*'REMIND SSP2-RCP2.6 (GDP)'!N$13 -> 0.01434297 | G17: ='REMIND SSP2-RCP2.6'!G17/'REMIND SSP2-RCP2.6 (GDP)'!O$14*'REMIND SSP2-RCP2.6 (GDP)'!O$13 -> 0.057435122 | H17: ='REMIND SSP2-RCP2.6'!H17/'REMIND SSP2-RCP2.6 (GDP)'!P$14*'REMIND SSP2-RCP2.6 (GDP)'!P$13 -> 0.016160611
A18: Roadmap-30-Bio | B18: fk_historical | C18: ='REMIND SSP2-RCP2.6'!C18/'REMIND SSP2-RCP2.6 (GDP)'!K$14*'REMIND SSP2-RCP2.6 (GDP)'!K$13 -> 1.033283 | D18: ='REMIND SSP2-RCP2.6'!D18/'REMIND SSP2-RCP2.6 (GDP)'!L$14*'REMIND SSP2-RCP2.6 (GDP)'!L$13 -> 0.52009974 | E18: ='REMIND SSP2-RCP2.6'!E18/'REMIND SSP2-RCP2.6 (GDP)'!M$14*'REMIND SSP2-RCP2.6 (GDP)'!M$13 -> 0 | F18: ='REMIND SSP2-RCP2.6'!F18/'REMIND SSP2-RCP2.6 (GDP)'!N$14*'REMIND SSP2-RCP2.6 (GDP)'!N$13 -> 0 | G18: ='REMIND SSP2-RCP2.6'!G18/'REMIND SSP2-RCP2.6 (GDP)'!O$14*'REMIND SSP2-RCP2.6 (GDP)'!O$13 -> 0 | H18: ='REMIND SSP2-RCP2.6'!H18/'REMIND SSP2-RCP2.6 (GDP)'!P$14*'REMIND SSP2-RCP2.6 (GDP)'!P$13 -> 0
B19: fk | C19: ='REMIND SSP2-RCP2.6'!C19/'REMIND SSP2-RCP2.6 (GDP)'!K$14*'REMIND SSP2-RCP2.6 (GDP)'!K$13 -> 0.96422647 | D19: ='REMIND SSP2-RCP2.6'!D19/'REMIND SSP2-RCP2.6 (GDP)'!L$14*'REMIND SSP2-RCP2.6 (GDP)'!L$13 -> 0.49139389 | E19: ='REMIND SSP2-RCP2.6'!E19/'REMIND SSP2-RCP2.6 (GDP)'!M$14*'REMIND SSP2-RCP2.6 (GDP)'!M$13 -> 0.011664755 | F19: ='REMIND SSP2-RCP2.6'!F19/'REMIND SSP2-RCP2.6 (GDP)'!N$14*'REMIND SSP2-RCP2.6 (GDP)'!N$13 -> 0.00060507035 | G19: ='REMIND SSP2-RCP2.6'!G19/'REMIND SSP2-RCP2.6 (GDP)'!O$14*'REMIND SSP2-RCP2.6 (GDP)'!O$13 -> 0.0029228143 | H19: ='REMIND SSP2-RCP2.6'!H19/'REMIND SSP2-RCP2.6 (GDP)'!P$14*'REMIND SSP2-RCP2.6 (GDP)'!P$13 -> 0.0029561608
B20: efuels | C20: ='REMIND SSP2-RCP2.6'!C20/'REMIND SSP2-RCP2.6 (GDP)'!K$14*'REMIND SSP2-RCP2.6 (GDP)'!K$13 -> 0.19613127 | D20: ='REMIND SSP2-RCP2.6'!D20/'REMIND SSP2-RCP2.6 (GDP)'!L$14*'REMIND SSP2-RCP2.6 (GDP)'!L$13 -> 0.1912691 | E20: ='REMIND SSP2-RCP2.6'!E20/'REMIND SSP2-RCP2.6 (GDP)'!M$14*'REMIND SSP2-RCP2.6 (GDP)'!M$13 -> 0.17525563 | F20: ='REMIND SSP2-RCP2.6'!F20/'REMIND SSP2-RCP2.6 (GDP)'!N$14*'REMIND SSP2-RCP2.6 (GDP)'!N$13 -> 0.0033609118 | G20: ='REMIND SSP2-RCP2.6'!G20/'REMIND SSP2-RCP2.6 (GDP)'!O$14*'REMIND SSP2-RCP2.6 (GDP)'!O$13 -> 0.053974006 | H20: ='REMIND SSP2-RCP2.6'!H20/'REMIND SSP2-RCP2.6 (GDP)'!P$14*'REMIND SSP2-RCP2.6 (GDP)'!P$13 -> 0.0022616868
B21: atj | C21: ='REMIND SSP2-RCP2.6'!C21/'REMIND SSP2-RCP2.6 (GDP)'!K$14*'REMIND SSP2-RCP2.6 (GDP)'!K$13 -> 0.008491428 | D21: ='REMIND SSP2-RCP2.6'!D21/'REMIND SSP2-RCP2.6 (GDP)'!L$14*'REMIND SSP2-RCP2.6 (GDP)'!L$13 -> 0.055854106 | E21: ='REMIND SSP2-RCP2.6'!E21/'REMIND SSP2-RCP2.6 (GDP)'!M$14*'REMIND SSP2-RCP2.6 (GDP)'!M$13 -> 0.21760705 | F21: ='REMIND SSP2-RCP2.6'!F21/'REMIND SSP2-RCP2.6 (GDP)'!N$14*'REMIND SSP2-RCP2.6 (GDP)'!N$13 -> 0.018133068 | G21: ='REMIND SSP2-RCP2.6'!G21/'REMIND SSP2-RCP2.6 (GDP)'!O$14*'REMIND SSP2-RCP2.6 (GDP)'!O$13 -> 0.04766297 | H21: ='REMIND SSP2-RCP2.6'!H21/'REMIND SSP2-RCP2.6 (GDP)'!P$14*'REMIND SSP2-RCP2.6 (GDP)'!P$13 -> 0.0095115193
B22: ft | C22: ='REMIND SSP2-RCP2.6'!C22/'REMIND SSP2-RCP2.6 (GDP)'!K$14*'REMIND SSP2-RCP2.6 (GDP)'!K$13 -> -0.27035806 | D22: ='REMIND SSP2-RCP2.6'!D22/'REMIND SSP2-RCP2.6 (GDP)'!L$14*'REMIND SSP2-RCP2.6 (GDP)'!L$13 -> 1.0778039 | E22: ='REMIND SSP2-RCP2.6'!E22/'REMIND SSP2-RCP2.6 (GDP)'!M$14*'REMIND SSP2-RCP2.6 (GDP)'!M$13 -> 0.033470733 | F22: ='REMIND SSP2-RCP2.6'!F22/'REMIND SSP2-RCP2.6 (GDP)'!N$14*'REMIND SSP2-RCP2.6 (GDP)'!N$13 -> 0.0063594925 | G22: ='REMIND SSP2-RCP2.6'!G22/'REMIND SSP2-RCP2.6 (GDP)'!O$14*'REMIND SSP2-RCP2.6 (GDP)'!O$13 -> 0.012104995 | H22: ='REMIND SSP2-RCP2.6'!H22/'REMIND SSP2-RCP2.6 (GDP)'!P$14*'REMIND SSP2-RCP2.6 (GDP)'!P$13 -> 0.005295996
B23: hefa | C23: ='REMIND SSP2-RCP2.6'!C23/'REMIND SSP2-RCP2.6 (GDP)'!K$14*'REMIND SSP2-RCP2.6 (GDP)'!K$13 -> 0.013033076 | D23: ='REMIND SSP2-RCP2.6'!D23/'REMIND SSP2-RCP2.6 (GDP)'!L$14*'REMIND SSP2-RCP2.6 (GDP)'!L$13 -> 0.015029571 | E23: ='REMIND SSP2-RCP2.6'!E23/'REMIND SSP2-RCP2.6 (GDP)'!M$14*'REMIND SSP2-RCP2.6 (GDP)'!M$13 -> 0.11322792 | F23: ='REMIND SSP2-RCP2.6'!F23/'REMIND SSP2-RCP2.6 (GDP)'!N$14*'REMIND SSP2-RCP2.6 (GDP)'!N$13 -> 0.0076724932 | G23: ='REMIND SSP2-RCP2.6'!G23/'REMIND SSP2-RCP2.6 (GDP)'!O$14*'REMIND SSP2-RCP2.6 (GDP)'!O$13 -> 0.013970804 | H23: ='REMIND SSP2-RCP2.6'!H23/'REMIND SSP2-RCP2.6 (GDP)'!P$14*'REMIND SSP2-RCP2.6 (GDP)'!P$13 -> 0.0065362608
B24: lh2 | C24: ='REMIND SSP2-RCP2.6'!C24/'REMIND SSP2-RCP2.6 (GDP)'!K$14*'REMIND SSP2-RCP2.6 (GDP)'!K$13 -> 0 | D24: ='REMIND SSP2-RCP2.6'!D24/'REMIND SSP2-RCP2.6 (GDP)'!L$14*'REMIND SSP2-RCP2.6 (GDP)'!L$13 -> 0 | E24: ='REMIND SSP2-RCP2.6'!E24/'REMIND SSP2-RCP2.6 (GDP)'!M$14*'REMIND SSP2-RCP2.6 (GDP)'!M$13 -> 0 | F24: ='REMIND SSP2-RCP2.6'!F24/'REMIND SSP2-RCP2.6 (GDP)'!N$14*'REMIND SSP2-RCP2.6 (GDP)'!N$13 -> 0 | G24: ='REMIND SSP2-RCP2.6'!G24/'REMIND SSP2-RCP2.6 (GDP)'!O$14*'REMIND SSP2-RCP2.6 (GDP)'!O$13 -> 0 | H24: ='REMIND SSP2-RCP2.6'!H24/'REMIND SSP2-RCP2.6 (GDP)'!P$14*'REMIND SSP2-RCP2.6 (GDP)'!P$13 -> 0
B25: total | C25: ='REMIND SSP2-RCP2.6'!C25/'REMIND SSP2-RCP2.6 (GDP)'!K$14*'REMIND SSP2-RCP2.6 (GDP)'!K$13 -> 1.9448072 | D25: ='REMIND SSP2-RCP2.6'!D25/'REMIND SSP2-RCP2.6 (GDP)'!L$14*'REMIND SSP2-RCP2.6 (GDP)'!L$13 -> 2.3514503 | E25: ='REMIND SSP2-RCP2.6'!E25/'REMIND SSP2-RCP2.6 (GDP)'!M$14*'REMIND SSP2-RCP2.6 (GDP)'!M$13 -> 0.55122609 | F25: ='REMIND SSP2-RCP2.6'!F25/'REMIND SSP2-RCP2.6 (GDP)'!N$14*'REMIND SSP2-RCP2.6 (GDP)'!N$13 -> 0.036131035 | G25: ='REMIND SSP2-RCP2.6'!G25/'REMIND SSP2-RCP2.6 (GDP)'!O$14*'REMIND SSP2-RCP2.6 (GDP)'!O$13 -> 0.13063559 | H25: ='REMIND SSP2-RCP2.6'!H25/'REMIND SSP2-RCP2.6 (GDP)'!P$14*'REMIND SSP2-RCP2.6 (GDP)'!P$13 -> 0.026561624
A26: Roadmap-0 | B26: fk_historical | C26: ='REMIND SSP2-RCP2.6'!C26/'REMIND SSP2-RCP2.6 (GDP)'!K$14*'REMIND SSP2-RCP2.6 (GDP)'!K$13 -> 1.033283 | D26: ='REMIND SSP2-RCP2.6'!D26/'REMIND SSP2-RCP2.6 (GDP)'!L$14*'REMIND SSP2-RCP2.6 (GDP)'!L$13 -> 0.52009974 | E26: ='REMIND SSP2-RCP2.6'!E26/'REMIND SSP2-RCP2.6 (GDP)'!M$14*'REMIND SSP2-RCP2.6 (GDP)'!M$13 -> 0 | F26: ='REMIND SSP2-RCP2.6'!F26/'REMIND SSP2-RCP2.6 (GDP)'!N$14*'REMIND SSP2-RCP2.6 (GDP)'!N$13 -> 0 | G26: ='REMIND SSP2-RCP2.6'!G26/'REMIND SSP2-RCP2.6 (GDP)'!O$14*'REMIND SSP2-RCP2.6 (GDP)'!O$13 -> 0 | H26: ='REMIND SSP2-RCP2.6'!H26/'REMIND SSP2-RCP2.6 (GDP)'!P$14*'REMIND SSP2-RCP2.6 (GDP)'!P$13 -> 0
B27: fk | C27: ='REMIND SSP2-RCP2.6'!C27/'REMIND SSP2-RCP2.6 (GDP)'!K$14*'REMIND SSP2-RCP2.6 (GDP)'!K$13 -> 0.5532467 | D27: ='REMIND SSP2-RCP2.6'!D27/'REMIND SSP2-RCP2.6 (GDP)'!L$14*'REMIND SSP2-RCP2.6 (GDP)'!L$13 -> 0.27847499 | E27: ='REMIND SSP2-RCP2.6'!E27/'REMIND SSP2-RCP2.6 (GDP)'!M$14*'REMIND SSP2-RCP2.6 (GDP)'!M$13 -> 0 | F27: ='REMIND SSP2-RCP2.6'!F27/'REMIND SSP2-RCP2.6 (GDP)'!N$14*'REMIND SSP2-RCP2.6 (GDP)'!N$13 -> 0 | G27: ='REMIND SSP2-RCP2.6'!G27/'REMIND SSP2-RCP2.6 (GDP)'!O$14*'REMIND SSP2-RCP2.6 (GDP)'!O$13 -> 0 | H27: ='REMIND SSP2-RCP2.6'!H27/'REMIND SSP2-RCP2.6 (GDP)'!P$14*'REMIND SSP2-RCP2.6 (GDP)'!P$13 -> 0
B28: efuels | C28: ='REMIND SSP2-RCP2.6'!C28/'REMIND SSP2-RCP2.6 (GDP)'!K$14*'REMIND SSP2-RCP2.6 (GDP)'!K$13 -> 0.34537984 | D28: ='REMIND SSP2-RCP2.6'!D28/'REMIND SSP2-RCP2.6 (GDP)'!L$14*'REMIND SSP2-RCP2.6 (GDP)'!L$13 -> 0.44283755 | E28: ='REMIND SSP2-RCP2.6'!E28/'REMIND SSP2-RCP2.6 (GDP)'!M$14*'REMIND SSP2-RCP2.6 (GDP)'!M$13 -> 0.50938753 | F28: ='REMIND SSP2-RCP2.6'!F28/'REMIND SSP2-RCP2.6 (GDP)'!N$14*'REMIND SSP2-RCP2.6 (GDP)'!N$13 -> 0.0097686251 | G28: ='REMIND SSP2-RCP2.6'!G28/'REMIND SSP2-RCP2.6 (GDP)'!O$14*'REMIND SSP2-RCP2.6 (GDP)'!O$13 -> 0.15687762 | H28: ='REMIND SSP2-RCP2.6'!H28/'REMIND SSP2-RCP2.6 (GDP)'!P$14*'REMIND SSP2-RCP2.6 (GDP)'!P$13 -> 0.0065736836
B29: atj | C29: ='REMIND SSP2-RCP2.6'!C29/'REMIND SSP2-RCP2.6 (GDP)'!K$14*'REMIND SSP2-RCP2.6 (GDP)'!K$13 -> 0.013664324 | D29: ='REMIND SSP2-RCP2.6'!D29/'REMIND SSP2-RCP2.6 (GDP)'!L$14*'REMIND SSP2-RCP2.6 (GDP)'!L$13 -> 0.046867875 | E29: ='REMIND SSP2-RCP2.6'!E29/'REMIND SSP2-RCP2.6 (GDP)'!M$14*'REMIND SSP2-RCP2.6 (GDP)'!M$13 -> 0.16871086 | F29: ='REMIND SSP2-RCP2.6'!F29/'REMIND SSP2-RCP2.6 (GDP)'!N$14*'REMIND SSP2-RCP2.6 (GDP)'!N$13 -> 0.014058577 | G29: ='REMIND SSP2-RCP2.6'!G29/'REMIND SSP2-RCP2.6 (GDP)'!O$14*'REMIND SSP2-RCP2.6 (GDP)'!O$13 -> 0.036953126 | H29: ='REMIND SSP2-RCP2.6'!H29/'REMIND SSP2-RCP2.6 (GDP)'!P$14*'REMIND SSP2-RCP2.6 (GDP)'!P$13 -> 0.0073742861
B30: ft | C30: ='REMIND SSP2-RCP2.6'!C30/'REMIND SSP2-RCP2.6 (GDP)'!K$14*'REMIND SSP2-RCP2.6 (GDP)'!K$13 -> -0.36070661 | D30: ='REMIND SSP2-RCP2.6'!D30/'REMIND SSP2-RCP2.6 (GDP)'!L$14*'REMIND SSP2-RCP2.6 (GDP)'!L$13 -> 0.75956729 | E30: ='REMIND SSP2-RCP2.6'!E30/'REMIND SSP2-RCP2.6 (GDP)'!M$14*'REMIND SSP2-RCP2.6 (GDP)'!M$13 -> 0.025949878 | F30: ='REMIND SSP2-RCP2.6'!F30/'REMIND SSP2-RCP2.6 (GDP)'!N$14*'REMIND SSP2-RCP2.6 (GDP)'!N$13 -> 0.004930518 | G30: ='REMIND SSP2-RCP2.6'!G30/'REMIND SSP2-RCP2.6 (GDP)'!O$14*'REMIND SSP2-RCP2.6 (GDP)'!O$13 -> 0.0093850094 | H30: ='REMIND SSP2-RCP2.6'!H30/'REMIND SSP2-RCP2.6 (GDP)'!P$14*'REMIND SSP2-RCP2.6 (GDP)'!P$13 -> 0.0041059886
B31: hefa | C31: ='REMIND SSP2-RCP2.6'!C31/'REMIND SSP2-RCP2.6 (GDP)'!K$14*'REMIND SSP2-RCP2.6 (GDP)'!K$13 -> 0.017895183 | D31: ='REMIND SSP2-RCP2.6'!D31/'REMIND SSP2-RCP2.6 (GDP)'!L$14*'REMIND SSP2-RCP2.6 (GDP)'!L$13 -> 0.015573825 | E31: ='REMIND SSP2-RCP2.6'!E31/'REMIND SSP2-RCP2.6 (GDP)'!M$14*'REMIND SSP2-RCP2.6 (GDP)'!M$13 -> 0.08778567 | F31: ='REMIND SSP2-RCP2.6'!F31/'REMIND SSP2-RCP2.6 (GDP)'!N$14*'REMIND SSP2-RCP2.6 (GDP)'!N$13 -> 0.0059484881 | G31: ='REMIND SSP2-RCP2.6'!G31/'REMIND SSP2-RCP2.6 (GDP)'!O$14*'REMIND SSP2-RCP2.6 (GDP)'!O$13 -> 0.010831572 | H31: ='REMIND SSP2-RCP2.6'!H31/'REMIND SSP2-RCP2.6 (GDP)'!P$14*'REMIND SSP2-RCP2.6 (GDP)'!P$13 -> 0.0050675665
B32: lh2 | C32: ='REMIND SSP2-RCP2.6'!C32/'REMIND SSP2-RCP2.6 (GDP)'!K$14*'REMIND SSP2-RCP2.6 (GDP)'!K$13 -> 0.0046297146 | D32: ='REMIND SSP2-RCP2.6'!D32/'REMIND SSP2-RCP2.6 (GDP)'!L$14*'REMIND SSP2-RCP2.6 (GDP)'!L$13 -> 0.012185851 | E32: ='REMIND SSP2-RCP2.6'!E32/'REMIND SSP2-RCP2.6 (GDP)'!M$14*'REMIND SSP2-RCP2.6 (GDP)'!M$13 -> 0.0318913 | F32: ='REMIND SSP2-RCP2.6'!F32/'REMIND SSP2-RCP2.6 (GDP)'!N$14*'REMIND SSP2-RCP2.6 (GDP)'!N$13 -> 0.00065376948 | G32: ='REMIND SSP2-RCP2.6'!G32/'REMIND SSP2-RCP2.6 (GDP)'!O$14*'REMIND SSP2-RCP2.6 (GDP)'!O$13 -> 0.0053885145 | H32: ='REMIND SSP2-RCP2.6'!H32/'REMIND SSP2-RCP2.6 (GDP)'!P$14*'REMIND SSP2-RCP2.6 (GDP)'!P$13 -> 0.00026757365
B33: total | C33: ='REMIND SSP2-RCP2.6'!C33/'REMIND SSP2-RCP2.6 (GDP)'!K$14*'REMIND SSP2-RCP2.6 (GDP)'!K$13 -> 1.6073921 | D33: ='REMIND SSP2-RCP2.6'!D33/'REMIND SSP2-RCP2.6 (GDP)'!L$14*'REMIND SSP2-RCP2.6 (GDP)'!L$13 -> 2.0756071 | E33: ='REMIND SSP2-RCP2.6'!E33/'REMIND SSP2-RCP2.6 (GDP)'!M$14*'REMIND SSP2-RCP2.6 (GDP)'!M$13 -> 0.82372524 | F33: ='REMIND SSP2-RCP2.6'!F33/'REMIND SSP2-RCP2.6 (GDP)'!N$14*'REMIND SSP2-RCP2.6 (GDP)'!N$13 -> 0.035359978 | G33: ='REMIND SSP2-RCP2.6'!G33/'REMIND SSP2-RCP2.6 (GDP)'!O$14*'REMIND SSP2-RCP2.6 (GDP)'!O$13 -> 0.21943584 | H33: ='REMIND SSP2-RCP2.6'!H33/'REMIND SSP2-RCP2.6 (GDP)'!P$14*'REMIND SSP2-RCP2.6 (GDP)'!P$13 -> 0.023389098
A34: Roadmap-30-Efuel | B34: fk_historical | C34: ='REMIND SSP2-RCP2.6'!C34/'REMIND SSP2-RCP2.6 (GDP)'!K$14*'REMIND SSP2-RCP2.6 (GDP)'!K$13 -> 1.033283 | D34: ='REMIND SSP2-RCP2.6'!D34/'REMIND SSP2-RCP2.6 (GDP)'!L$14*'REMIND SSP2-RCP2.6 (GDP)'!L$13 -> 0.52009974 | E34: ='REMIND SSP2-RCP2.6'!E34/'REMIND SSP2-RCP2.6 (GDP)'!M$14*'REMIND SSP2-RCP2.6 (GDP)'!M$13 -> 0 | F34: ='REMIND SSP2-RCP2.6'!F34/'REMIND SSP2-RCP2.6 (GDP)'!N$14*'REMIND SSP2-RCP2.6 (GDP)'!N$13 -> 0 | G34: ='REMIND SSP2-RCP2.6'!G34/'REMIND SSP2-RCP2.6 (GDP)'!O$14*'REMIND SSP2-RCP2.6 (GDP)'!O$13 -> 0 | H34: ='REMIND SSP2-RCP2.6'!H34/'REMIND SSP2-RCP2.6 (GDP)'!P$14*'REMIND SSP2-RCP2.6 (GDP)'!P$13 -> 0
B35: fk | C35: ='REMIND SSP2-RCP2.6'!C35/'REMIND SSP2-RCP2.6 (GDP)'!K$14*'REMIND SSP2-RCP2.6 (GDP)'!K$13 -> 1.0747833 | D35: ='REMIND SSP2-RCP2.6'!D35/'REMIND SSP2-RCP2.6 (GDP)'!L$14*'REMIND SSP2-RCP2.6 (GDP)'!L$13 -> 0.54744247 | E35: ='REMIND SSP2-RCP2.6'!E35/'REMIND SSP2-RCP2.6 (GDP)'!M$14*'REMIND SSP2-RCP2.6 (GDP)'!M$13 -> 0.012435815 | F35: ='REMIND SSP2-RCP2.6'!F35/'REMIND SSP2-RCP2.6 (GDP)'!N$14*'REMIND SSP2-RCP2.6 (GDP)'!N$13 -> 0.00064506653 | G35: ='REMIND SSP2-RCP2.6'!G35/'REMIND SSP2-RCP2.6 (GDP)'!O$14*'REMIND SSP2-RCP2.6 (GDP)'!O$13 -> 0.0031160173 | H35: ='REMIND SSP2-RCP2.6'!H35/'REMIND SSP2-RCP2.6 (GDP)'!P$14*'REMIND SSP2-RCP2.6 (GDP)'!P$13 -> 0.0031515681
B36: efuels | C36: ='REMIND SSP2-RCP2.6'!C36/'REMIND SSP2-RCP2.6 (GDP)'!K$14*'REMIND SSP2-RCP2.6 (GDP)'!K$13 -> 0.10454651 | D36: ='REMIND SSP2-RCP2.6'!D36/'REMIND SSP2-RCP2.6 (GDP)'!L$14*'REMIND SSP2-RCP2.6 (GDP)'!L$13 -> 0.22328804 | E36: ='REMIND SSP2-RCP2.6'!E36/'REMIND SSP2-RCP2.6 (GDP)'!M$14*'REMIND SSP2-RCP2.6 (GDP)'!M$13 -> 0.32318678 | F36: ='REMIND SSP2-RCP2.6'!F36/'REMIND SSP2-RCP2.6 (GDP)'!N$14*'REMIND SSP2-RCP2.6 (GDP)'!N$13 -> 0.0061978167 | G36: ='REMIND SSP2-RCP2.6'!G36/'REMIND SSP2-RCP2.6 (GDP)'!O$14*'REMIND SSP2-RCP2.6 (GDP)'!O$13 -> 0.099532811 | H36: ='REMIND SSP2-RCP2.6'!H36/'REMIND SSP2-RCP2.6 (GDP)'!P$14*'REMIND SSP2-RCP2.6 (GDP)'!P$13 -> 0.0041707493
B37: atj | C37: ='REMIND SSP2-RCP2.6'!C37/'REMIND SSP2-RCP2.6 (GDP)'!K$14*'REMIND SSP2-RCP2.6 (GDP)'!K$13 -> 0.0072462589 | D37: ='REMIND SSP2-RCP2.6'!D37/'REMIND SSP2-RCP2.6 (GDP)'!L$14*'REMIND SSP2-RCP2.6 (GDP)'!L$13 -> 0.037786587 | E37: ='REMIND SSP2-RCP2.6'!E37/'REMIND SSP2-RCP2.6 (GDP)'!M$14*'REMIND SSP2-RCP2.6 (GDP)'!M$13 -> 0.14402745 | F37: ='REMIND SSP2-RCP2.6'!F37/'REMIND SSP2-RCP2.6 (GDP)'!N$14*'REMIND SSP2-RCP2.6 (GDP)'!N$13 -> 0.012001723 | G37: ='REMIND SSP2-RCP2.6'!G37/'REMIND SSP2-RCP2.6 (GDP)'!O$14*'REMIND SSP2-RCP2.6 (GDP)'!O$13 -> 0.031546661 | H37: ='REMIND SSP2-RCP2.6'!H37/'REMIND SSP2-RCP2.6 (GDP)'!P$14*'REMIND SSP2-RCP2.6 (GDP)'!P$13 -> 0.0062953836
B38: ft | C38: ='REMIND SSP2-RCP2.6'!C38/'REMIND SSP2-RCP2.6 (GDP)'!K$14*'REMIND SSP2-RCP2.6 (GDP)'!K$13 -> -0.20312063 | D38: ='REMIND SSP2-RCP2.6'!D38/'REMIND SSP2-RCP2.6 (GDP)'!L$14*'REMIND SSP2-RCP2.6 (GDP)'!L$13 -> 0.70119503 | E38: ='REMIND SSP2-RCP2.6'!E38/'REMIND SSP2-RCP2.6 (GDP)'!M$14*'REMIND SSP2-RCP2.6 (GDP)'!M$13 -> 0.022153254 | F38: ='REMIND SSP2-RCP2.6'!F38/'REMIND SSP2-RCP2.6 (GDP)'!N$14*'REMIND SSP2-RCP2.6 (GDP)'!N$13 -> 0.0042091535 | G38: ='REMIND SSP2-RCP2.6'!G38/'REMIND SSP2-RCP2.6 (GDP)'!O$14*'REMIND SSP2-RCP2.6 (GDP)'!O$13 -> 0.008011926 | H38: ='REMIND SSP2-RCP2.6'!H38/'REMIND SSP2-RCP2.6 (GDP)'!P$14*'REMIND SSP2-RCP2.6 (GDP)'!P$13 -> 0.0035052577
B39: hefa | C39: ='REMIND SSP2-RCP2.6'!C39/'REMIND SSP2-RCP2.6 (GDP)'!K$14*'REMIND SSP2-RCP2.6 (GDP)'!K$13 -> 0.0099755836 | D39: ='REMIND SSP2-RCP2.6'!D39/'REMIND SSP2-RCP2.6 (GDP)'!L$14*'REMIND SSP2-RCP2.6 (GDP)'!L$13 -> 0.010626824 | E39: ='REMIND SSP2-RCP2.6'!E39/'REMIND SSP2-RCP2.6 (GDP)'!M$14*'REMIND SSP2-RCP2.6 (GDP)'!M$13 -> 0.074942098 | F39: ='REMIND SSP2-RCP2.6'!F39/'REMIND SSP2-RCP2.6 (GDP)'!N$14*'REMIND SSP2-RCP2.6 (GDP)'!N$13 -> 0.0050781885 | G39: ='REMIND SSP2-RCP2.6'!G39/'REMIND SSP2-RCP2.6 (GDP)'!O$14*'REMIND SSP2-RCP2.6 (GDP)'!O$13 -> 0.0092468478 | H39: ='REMIND SSP2-RCP2.6'!H39/'REMIND SSP2-RCP2.6 (GDP)'!P$14*'REMIND SSP2-RCP2.6 (GDP)'!P$13 -> 0.004326151
B40: lh2 | C40: ='REMIND SSP2-RCP2.6'!C40/'REMIND SSP2-RCP2.6 (GDP)'!K$14*'REMIND SSP2-RCP2.6 (GDP)'!K$13 -> 0 | D40: ='REMIND SSP2-RCP2.6'!D40/'REMIND SSP2-RCP2.6 (GDP)'!L$14*'REMIND SSP2-RCP2.6 (GDP)'!L$13 -> 0 | E40: ='REMIND SSP2-RCP2.6'!E40/'REMIND SSP2-RCP2.6 (GDP)'!M$14*'REMIND SSP2-RCP2.6 (GDP)'!M$13 -> 0 | F40: ='REMIND SSP2-RCP2.6'!F40/'REMIND SSP2-RCP2.6 (GDP)'!N$14*'REMIND SSP2-RCP2.6 (GDP)'!N$13 -> 0 | G40: ='REMIND SSP2-RCP2.6'!G40/'REMIND SSP2-RCP2.6 (GDP)'!O$14*'REMIND SSP2-RCP2.6 (GDP)'!O$13 -> 0 | H40: ='REMIND SSP2-RCP2.6'!H40/'REMIND SSP2-RCP2.6 (GDP)'!P$14*'REMIND SSP2-RCP2.6 (GDP)'!P$13 -> 0
B41: total | C41: ='REMIND SSP2-RCP2.6'!C41/'REMIND SSP2-RCP2.6 (GDP)'!K$14*'REMIND SSP2-RCP2.6 (GDP)'!K$13 -> 2.026714 | D41: ='REMIND SSP2-RCP2.6'!D41/'REMIND SSP2-RCP2.6 (GDP)'!L$14*'REMIND SSP2-RCP2.6 (GDP)'!L$13 -> 2.0404387 | E41: ='REMIND SSP2-RCP2.6'!E41/'REMIND SSP2-RCP2.6 (GDP)'!M$14*'REMIND SSP2-RCP2.6 (GDP)'!M$13 -> 0.5767454 | F41: ='REMIND SSP2-RCP2.6'!F41/'REMIND SSP2-RCP2.6 (GDP)'!N$14*'REMIND SSP2-RCP2.6 (GDP)'!N$13 -> 0.028131948 | G41: ='REMIND SSP2-RCP2.6'!G41/'REMIND SSP2-RCP2.6 (GDP)'!O$14*'REMIND SSP2-RCP2.6 (GDP)'!O$13 -> 0.15145426 | H41: ='REMIND SSP2-RCP2.6'!H41/'REMIND SSP2-RCP2.6 (GDP)'!P$14*'REMIND SSP2-RCP2.6 (GDP)'!P$13 -> 0.02144911
A42: Bio-Adv | B42: fk_historical | C42: ='REMIND SSP2-RCP2.6'!C42/'REMIND SSP2-RCP2.6 (GDP)'!K$14*'REMIND SSP2-RCP2.6 (GDP)'!K$13 -> 1.033283 | D42: ='REMIND SSP2-RCP2.6'!D42/'REMIND SSP2-RCP2.6 (GDP)'!L$14*'REMIND SSP2-RCP2.6 (GDP)'!L$13 -> 0.52009974 | E42: ='REMIND SSP2-RCP2.6'!E42/'REMIND SSP2-RCP2.6 (GDP)'!M$14*'REMIND SSP2-RCP2.6 (GDP)'!M$13 -> 0 | F42: ='REMIND SSP2-RCP2.6'!F42/'REMIND SSP2-RCP2.6 (GDP)'!N$14*'REMIND SSP2-RCP2.6 (GDP)'!N$13 -> 0 | G42: ='REMIND SSP2-RCP2.6'!G42/'REMIND SSP2-RCP2.6 (GDP)'!O$14*'REMIND SSP2-RCP2.6 (GDP)'!O$13 -> 0 | H42: ='REMIND SSP2-RCP2.6'!H42/'REMIND SSP2-RCP2.6 (GDP)'!P$14*'REMIND SSP2-RCP2.6 (GDP)'!P$13 -> 0
B43: fk | C43: ='REMIND SSP2-RCP2.6'!C43/'REMIND SSP2-RCP2.6 (GDP)'!K$14*'REMIND SSP2-RCP2.6 (GDP)'!K$13 -> 0.63207678 | D43: ='REMIND SSP2-RCP2.6'!D43/'REMIND SSP2-RCP2.6 (GDP)'!L$14*'REMIND SSP2-RCP2.6 (GDP)'!L$13 -> 0.31835905 | E43: ='REMIND SSP2-RCP2.6'!E43/'REMIND SSP2-RCP2.6 (GDP)'!M$14*'REMIND SSP2-RCP2.6 (GDP)'!M$13 -> 0.00039538796 | F43: ='REMIND SSP2-RCP2.6'!F43/'REMIND SSP2-RCP2.6 (GDP)'!N$14*'REMIND SSP2-RCP2.6 (GDP)'!N$13 -> 2.0509436e-05 | G43: ='REMIND SSP2-RCP2.6'!G43/'REMIND SSP2-RCP2.6 (GDP)'!O$14*'REMIND SSP2-RCP2.6 (GDP)'!O$13 -> 9.9071572e-05 | H43: ='REMIND SSP2-RCP2.6'!H43/'REMIND SSP2-RCP2.6 (GDP)'!P$14*'REMIND SSP2-RCP2.6 (GDP)'!P$13 -> 0.00010020188
B44: efuels | C44: ='REMIND SSP2-RCP2.6'!C44/'REMIND SSP2-RCP2.6 (GDP)'!K$14*'REMIND SSP2-RCP2.6 (GDP)'!K$13 -> 0 | D44: ='REMIND SSP2-RCP2.6'!D44/'REMIND SSP2-RCP2.6 (GDP)'!L$14*'REMIND SSP2-RCP2.6 (GDP)'!L$13 -> 0 | E44: ='REMIND SSP2-RCP2.6'!E44/'REMIND SSP2-RCP2.6 (GDP)'!M$14*'REMIND SSP2-RCP2.6 (GDP)'!M$13 -> 0 | F44: ='REMIND SSP2-RCP2.6'!F44/'REMIND SSP2-RCP2.6 (GDP)'!N$14*'REMIND SSP2-RCP2.6 (GDP)'!N$13 -> 0 | G44: ='REMIND SSP2-RCP2.6'!G44/'REMIND SSP2-RCP2.6 (GDP)'!O$14*'REMIND SSP2-RCP2.6 (GDP)'!O$13 -> 0 | H44: ='REMIND SSP2-RCP2.6'!H44/'REMIND SSP2-RCP2.6 (GDP)'!P$14*'REMIND SSP2-RCP2.6 (GDP)'!P$13 -> 0
B45: atj | C45: ='REMIND SSP2-RCP2.6'!C45/'REMIND SSP2-RCP2.6 (GDP)'!K$14*'REMIND SSP2-RCP2.6 (GDP)'!K$13 -> 0.018864241 | D45: ='REMIND SSP2-RCP2.6'!D45/'REMIND SSP2-RCP2.6 (GDP)'!L$14*'REMIND SSP2-RCP2.6 (GDP)'!L$13 -> 0.10610547 | E45: ='REMIND SSP2-RCP2.6'!E45/'REMIND SSP2-RCP2.6 (GDP)'!M$14*'REMIND SSP2-RCP2.6 (GDP)'!M$13 -> 0.40758193 | F45: ='REMIND SSP2-RCP2.6'!F45/'REMIND SSP2-RCP2.6 (GDP)'!N$14*'REMIND SSP2-RCP2.6 (GDP)'!N$13 -> 0.033963562 | G45: ='REMIND SSP2-RCP2.6'!G45/'REMIND SSP2-RCP2.6 (GDP)'!O$14*'REMIND SSP2-RCP2.6 (GDP)'!O$13 -> 0.089273601 | H45: ='REMIND SSP2-RCP2.6'!H45/'REMIND SSP2-RCP2.6 (GDP)'!P$14*'REMIND SSP2-RCP2.6 (GDP)'!P$13 -> 0.017815247
B46: ft | C46: ='REMIND SSP2-RCP2.6'!C46/'REMIND SSP2-RCP2.6 (GDP)'!K$14*'REMIND SSP2-RCP2.6 (GDP)'!K$13 -> -0.61762972 | D46: ='REMIND SSP2-RCP2.6'!D46/'REMIND SSP2-RCP2.6 (GDP)'!L$14*'REMIND SSP2-RCP2.6 (GDP)'!L$13 -> 1.9627516 | E46: ='REMIND SSP2-RCP2.6'!E46/'REMIND SSP2-RCP2.6 (GDP)'!M$14*'REMIND SSP2-RCP2.6 (GDP)'!M$13 -> 0.062691286 | F46: ='REMIND SSP2-RCP2.6'!F46/'REMIND SSP2-RCP2.6 (GDP)'!N$14*'REMIND SSP2-RCP2.6 (GDP)'!N$13 -> 0.011911444 | G46: ='REMIND SSP2-RCP2.6'!G46/'REMIND SSP2-RCP2.6 (GDP)'!O$14*'REMIND SSP2-RCP2.6 (GDP)'!O$13 -> 0.022672874 | H46: ='REMIND SSP2-RCP2.6'!H46/'REMIND SSP2-RCP2.6 (GDP)'!P$14*'REMIND SSP2-RCP2.6 (GDP)'!P$13 -> 0.0099194958
B47: hefa | C47: ='REMIND SSP2-RCP2.6'!C47/'REMIND SSP2-RCP2.6 (GDP)'!K$14*'REMIND SSP2-RCP2.6 (GDP)'!K$13 -> 0.029677804 | D47: ='REMIND SSP2-RCP2.6'!D47/'REMIND SSP2-RCP2.6 (GDP)'!L$14*'REMIND SSP2-RCP2.6 (GDP)'!L$13 -> 0.030801593 | E47: ='REMIND SSP2-RCP2.6'!E47/'REMIND SSP2-RCP2.6 (GDP)'!M$14*'REMIND SSP2-RCP2.6 (GDP)'!M$13 -> 0.21207794 | F47: ='REMIND SSP2-RCP2.6'!F47/'REMIND SSP2-RCP2.6 (GDP)'!N$14*'REMIND SSP2-RCP2.6 (GDP)'!N$13 -> 0.014370718 | G47: ='REMIND SSP2-RCP2.6'!G47/'REMIND SSP2-RCP2.6 (GDP)'!O$14*'REMIND SSP2-RCP2.6 (GDP)'!O$13 -> 0.026167568 | H47: ='REMIND SSP2-RCP2.6'!H47/'REMIND SSP2-RCP2.6 (GDP)'!P$14*'REMIND SSP2-RCP2.6 (GDP)'!P$13 -> 0.012242534
B48: lh2 | C48: ='REMIND SSP2-RCP2.6'!C48/'REMIND SSP2-RCP2.6 (GDP)'!K$14*'REMIND SSP2-RCP2.6 (GDP)'!K$13 -> 0 | D48: ='REMIND SSP2-RCP2.6'!D48/'REMIND SSP2-RCP2.6 (GDP)'!L$14*'REMIND SSP2-RCP2.6 (GDP)'!L$13 -> 0 | E48: ='REMIND SSP2-RCP2.6'!E48/'REMIND SSP2-RCP2.6 (GDP)'!M$14*'REMIND SSP2-RCP2.6 (GDP)'!M$13 -> 0 | F48: ='REMIND SSP2-RCP2.6'!F48/'REMIND SSP2-RCP2.6 (GDP)'!N$14*'REMIND SSP2-RCP2.6 (GDP)'!N$13 -> 0 | G48: ='REMIND SSP2-RCP2.6'!G48/'REMIND SSP2-RCP2.6 (GDP)'!O$14*'REMIND SSP2-RCP2.6 (GDP)'!O$13 -> 0 | H48: ='REMIND SSP2-RCP2.6'!H48/'REMIND SSP2-RCP2.6 (GDP)'!P$14*'REMIND SSP2-RCP2.6 (GDP)'!P$13 -> 0
B49: total | C49: ='REMIND SSP2-RCP2.6'!C49/'REMIND SSP2-RCP2.6 (GDP)'!K$14*'REMIND SSP2-RCP2.6 (GDP)'!K$13 -> 1.0962721 | D49: ='REMIND SSP2-RCP2.6'!D49/'REMIND SSP2-RCP2.6 (GDP)'!L$14*'REMIND SSP2-RCP2.6 (GDP)'!L$13 -> 2.9381175 | E49: ='REMIND SSP2-RCP2.6'!E49/'REMIND SSP2-RCP2.6 (GDP)'!M$14*'REMIND SSP2-RCP2.6 (GDP)'!M$13 -> 0.68274654 | F49: ='REMIND SSP2-RCP2.6'!F49/'REMIND SSP2-RCP2.6 (GDP)'!N$14*'REMIND SSP2-RCP2.6 (GDP)'!N$13 -> 0.060266233 | G49: ='REMIND SSP2-RCP2.6'!G49/'REMIND SSP2-RCP2.6 (GDP)'!O$14*'REMIND SSP2-RCP2.6 (GDP)'!O$13 -> 0.13821311 | H49: ='REMIND SSP2-RCP2.6'!H49/'REMIND SSP2-RCP2.6 (GDP)'!P$14*'REMIND SSP2-RCP2.6 (GDP)'!P$13 -> 0.040077479
A50: Bio-HEFA | B50: fk_historical | C50: ='REMIND SSP2-RCP2.6'!C50/'REMIND SSP2-RCP2.6 (GDP)'!K$14*'REMIND SSP2-RCP2.6 (GDP)'!K$13 -> 1.033283 | D50: ='REMIND SSP2-RCP2.6'!D50/'REMIND SSP2-RCP2.6 (GDP)'!L$14*'REMIND SSP2-RCP2.6 (GDP)'!L$13 -> 0.52009974 | E50: ='REMIND SSP2-RCP2.6'!E50/'REMIND SSP2-RCP2.6 (GDP)'!M$14*'REMIND SSP2-RCP2.6 (GDP)'!M$13 -> 0 | F50: ='REMIND SSP2-RCP2.6'!F50/'REMIND SSP2-RCP2.6 (GDP)'!N$14*'REMIND SSP2-RCP2.6 (GDP)'!N$13 -> 0 | G50: ='REMIND SSP2-RCP2.6'!G50/'REMIND SSP2-RCP2.6 (GDP)'!O$14*'REMIND SSP2-RCP2.6 (GDP)'!O$13 -> 0 | H50: ='REMIND SSP2-RCP2.6'!H50/'REMIND SSP2-RCP2.6 (GDP)'!P$14*'REMIND SSP2-RCP2.6 (GDP)'!P$13 -> 0
B51: fk | C51: ='REMIND SSP2-RCP2.6'!C51/'REMIND SSP2-RCP2.6 (GDP)'!K$14*'REMIND SSP2-RCP2.6 (GDP)'!K$13 -> 0.63207678 | D51: ='REMIND SSP2-RCP2.6'!D51/'REMIND SSP2-RCP2.6 (GDP)'!L$14*'REMIND SSP2-RCP2.6 (GDP)'!L$13 -> 0.31835905 | E51: ='REMIND SSP2-RCP2.6'!E51/'REMIND SSP2-RCP2.6 (GDP)'!M$14*'REMIND SSP2-RCP2.6 (GDP)'!M$13 -> 0.00039538796 | F51: ='REMIND SSP2-RCP2.6'!F51/'REMIND SSP2-RCP2.6 (GDP)'!N$14*'REMIND SSP2-RCP2.6 (GDP)'!N$13 -> 2.0509436e-05 | G51: ='REMIND SSP2-RCP2.6'!G51/'REMIND SSP2-RCP2.6 (GDP)'!O$14*'REMIND SSP2-RCP2.6 (GDP)'!O$13 -> 9.9071572e-05 | H51: ='REMIND SSP2-RCP2.6'!H51/'REMIND SSP2-RCP2.6 (GDP)'!P$14*'REMIND SSP2-RCP2.6 (GDP)'!P$13 -> 0.00010020188
B52: efuels | C52: ='REMIND SSP2-RCP2.6'!C52/'REMIND SSP2-RCP2.6 (GDP)'!K$14*'REMIND SSP2-RCP2.6 (GDP)'!K$13 -> 0 | D52: ='REMIND SSP2-RCP2.6'!D52/'REMIND SSP2-RCP2.6 (GDP)'!L$14*'REMIND SSP2-RCP2.6 (GDP)'!L$13 -> 0 | E52: ='REMIND SSP2-RCP2.6'!E52/'REMIND SSP2-RCP2.6 (GDP)'!M$14*'REMIND SSP2-RCP2.6 (GDP)'!M$13 -> 0 | F52: ='REMIND SSP2-RCP2.6'!F52/'REMIND SSP2-RCP2.6 (GDP)'!N$14*'REMIND SSP2-RCP2.6 (GDP)'!N$13 -> 0 | G52: ='REMIND SSP2-RCP2.6'!G52/'REMIND SSP2-RCP2.6 (GDP)'!O$14*'REMIND SSP2-RCP2.6 (GDP)'!O$13 -> 0 | H52: ='REMIND SSP2-RCP2.6'!H52/'REMIND SSP2-RCP2.6 (GDP)'!P$14*'REMIND SSP2-RCP2.6 (GDP)'!P$13 -> 0
B53: atj | C53: ='REMIND SSP2-RCP2.6'!C53/'REMIND SSP2-RCP2.6 (GDP)'!K$14*'REMIND SSP2-RCP2.6 (GDP)'!K$13 -> 0.0068465887 | D53: ='REMIND SSP2-RCP2.6'!D53/'REMIND SSP2-RCP2.6 (GDP)'!L$14*'REMIND SSP2-RCP2.6 (GDP)'!L$13 -> 0.037543932 | E53: ='REMIND SSP2-RCP2.6'!E53/'REMIND SSP2-RCP2.6 (GDP)'!M$14*'REMIND SSP2-RCP2.6 (GDP)'!M$13 -> 0.14385244 | F53: ='REMIND SSP2-RCP2.6'!F53/'REMIND SSP2-RCP2.6 (GDP)'!N$14*'REMIND SSP2-RCP2.6 (GDP)'!N$13 -> 0.01198714 | G53: ='REMIND SSP2-RCP2.6'!G53/'REMIND SSP2-RCP2.6 (GDP)'!O$14*'REMIND SSP2-RCP2.6 (GDP)'!O$13 -> 0.03150833 | H53: ='REMIND SSP2-RCP2.6'!H53/'REMIND SSP2-RCP2.6 (GDP)'!P$14*'REMIND SSP2-RCP2.6 (GDP)'!P$13 -> 0.0062877342
B54: ft | C54: ='REMIND SSP2-RCP2.6'!C54/'REMIND SSP2-RCP2.6 (GDP)'!K$14*'REMIND SSP2-RCP2.6 (GDP)'!K$13 -> -0.21727338 | D54: ='REMIND SSP2-RCP2.6'!D54/'REMIND SSP2-RCP2.6 (GDP)'!L$14*'REMIND SSP2-RCP2.6 (GDP)'!L$13 -> 0.69309505 | E54: ='REMIND SSP2-RCP2.6'!E54/'REMIND SSP2-RCP2.6 (GDP)'!M$14*'REMIND SSP2-RCP2.6 (GDP)'!M$13 -> 0.022126336 | F54: ='REMIND SSP2-RCP2.6'!F54/'REMIND SSP2-RCP2.6 (GDP)'!N$14*'REMIND SSP2-RCP2.6 (GDP)'!N$13 -> 0.0042040391 | G54: ='REMIND SSP2-RCP2.6'!G54/'REMIND SSP2-RCP2.6 (GDP)'!O$14*'REMIND SSP2-RCP2.6 (GDP)'!O$13 -> 0.0080021909 | H54: ='REMIND SSP2-RCP2.6'!H54/'REMIND SSP2-RCP2.6 (GDP)'!P$14*'REMIND SSP2-RCP2.6 (GDP)'!P$13 -> 0.0035009985
B55: hefa | C55: ='REMIND SSP2-RCP2.6'!C55/'REMIND SSP2-RCP2.6 (GDP)'!K$14*'REMIND SSP2-RCP2.6 (GDP)'!K$13 -> 0.13696751 | D55: ='REMIND SSP2-RCP2.6'!D55/'REMIND SSP2-RCP2.6 (GDP)'!L$14*'REMIND SSP2-RCP2.6 (GDP)'!L$13 -> 0.1429712 | E55: ='REMIND SSP2-RCP2.6'!E55/'REMIND SSP2-RCP2.6 (GDP)'!M$14*'REMIND SSP2-RCP2.6 (GDP)'!M$13 -> 0.98969705 | F55: ='REMIND SSP2-RCP2.6'!F55/'REMIND SSP2-RCP2.6 (GDP)'!N$14*'REMIND SSP2-RCP2.6 (GDP)'!N$13 -> 0.06706335 | G55: ='REMIND SSP2-RCP2.6'!G55/'REMIND SSP2-RCP2.6 (GDP)'!O$14*'REMIND SSP2-RCP2.6 (GDP)'!O$13 -> 0.12211532 | H55: ='REMIND SSP2-RCP2.6'!H55/'REMIND SSP2-RCP2.6 (GDP)'!P$14*'REMIND SSP2-RCP2.6 (GDP)'!P$13 -> 0.057131826
B56: lh2 | C56: ='REMIND SSP2-RCP2.6'!C56/'REMIND SSP2-RCP2.6 (GDP)'!K$14*'REMIND SSP2-RCP2.6 (GDP)'!K$13 -> 0 | D56: ='REMIND SSP2-RCP2.6'!D56/'REMIND SSP2-RCP2.6 (GDP)'!L$14*'REMIND SSP2-RCP2.6 (GDP)'!L$13 -> 0 | E56: ='REMIND SSP2-RCP2.6'!E56/'REMIND SSP2-RCP2.6 (GDP)'!M$14*'REMIND SSP2-RCP2.6 (GDP)'!M$13 -> 0 | F56: ='REMIND SSP2-RCP2.6'!F56/'REMIND SSP2-RCP2.6 (GDP)'!N$14*'REMIND SSP2-RCP2.6 (GDP)'!N$13 -> 0 | G56: ='REMIND SSP2-RCP2.6'!G56/'REMIND SSP2-RCP2.6 (GDP)'!O$14*'REMIND SSP2-RCP2.6 (GDP)'!O$13 -> 0 | H56: ='REMIND SSP2-RCP2.6'!H56/'REMIND SSP2-RCP2.6 (GDP)'!P$14*'REMIND SSP2-RCP2.6 (GDP)'!P$13 -> 0
B57: total | C57: ='REMIND SSP2-RCP2.6'!C57/'REMIND SSP2-RCP2.6 (GDP)'!K$14*'REMIND SSP2-RCP2.6 (GDP)'!K$13 -> 1.5919005 | D57: ='REMIND SSP2-RCP2.6'!D57/'REMIND SSP2-RCP2.6 (GDP)'!L$14*'REMIND SSP2-RCP2.6 (GDP)'!L$13 -> 1.712069 | E57: ='REMIND SSP2-RCP2.6'!E57/'REMIND SSP2-RCP2.6 (GDP)'!M$14*'REMIND SSP2-RCP2.6 (GDP)'!M$13 -> 1.1560712 | F57: ='REMIND SSP2-RCP2.6'!F57/'REMIND SSP2-RCP2.6 (GDP)'!N$14*'REMIND SSP2-RCP2.6 (GDP)'!N$13 -> 0.083275038 | G57: ='REMIND SSP2-RCP2.6'!G57/'REMIND SSP2-RCP2.6 (GDP)'!O$14*'REMIND SSP2-RCP2.6 (GDP)'!O$13 -> 0.16172491 | H57: ='REMIND SSP2-RCP2.6'!H57/'REMIND SSP2-RCP2.6 (GDP)'!P$14*'REMIND SSP2-RCP2.6 (GDP)'!P$13 -> 0.067020761
A58: Efuel-grid | B58: fk_historical | C58: ='REMIND SSP2-RCP2.6'!C58/'REMIND SSP2-RCP2.6 (GDP)'!K$14*'REMIND SSP2-RCP2.6 (GDP)'!K$13 -> 1.033283 | D58: ='REMIND SSP2-RCP2.6'!D58/'REMIND SSP2-RCP2.6 (GDP)'!L$14*'REMIND SSP2-RCP2.6 (GDP)'!L$13 -> 0.52009974 | E58: ='REMIND SSP2-RCP2.6'!E58/'REMIND SSP2-RCP2.6 (GDP)'!M$14*'REMIND SSP2-RCP2.6 (GDP)'!M$13 -> 0 | F58: ='REMIND SSP2-RCP2.6'!F58/'REMIND SSP2-RCP2.6 (GDP)'!N$14*'REMIND SSP2-RCP2.6 (GDP)'!N$13 -> 0 | G58: ='REMIND SSP2-RCP2.6'!G58/'REMIND SSP2-RCP2.6 (GDP)'!O$14*'REMIND SSP2-RCP2.6 (GDP)'!O$13 -> 0 | H58: ='REMIND SSP2-RCP2.6'!H58/'REMIND SSP2-RCP2.6 (GDP)'!P$14*'REMIND SSP2-RCP2.6 (GDP)'!P$13 -> 0
B59: fk | C59: ='REMIND SSP2-RCP2.6'!C59/'REMIND SSP2-RCP2.6 (GDP)'!K$14*'REMIND SSP2-RCP2.6 (GDP)'!K$13 -> 0.63207678 | D59: ='REMIND SSP2-RCP2.6'!D59/'REMIND SSP2-RCP2.6 (GDP)'!L$14*'REMIND SSP2-RCP2.6 (GDP)'!L$13 -> 0.31835905 | E59: ='REMIND SSP2-RCP2.6'!E59/'REMIND SSP2-RCP2.6 (GDP)'!M$14*'REMIND SSP2-RCP2.6 (GDP)'!M$13 -> 0.00039538796 | F59: ='REMIND SSP2-RCP2.6'!F59/'REMIND SSP2-RCP2.6 (GDP)'!N$14*'REMIND SSP2-RCP2.6 (GDP)'!N$13 -> 2.0509436e-05 | G59: ='REMIND SSP2-RCP2.6'!G59/'REMIND SSP2-RCP2.6 (GDP)'!O$14*'REMIND SSP2-RCP2.6 (GDP)'!O$13 -> 9.9071572e-05 | H59: ='REMIND SSP2-RCP2.6'!H59/'REMIND SSP2-RCP2.6 (GDP)'!P$14*'REMIND SSP2-RCP2.6 (GDP)'!P$13 -> 0.00010020188
B60: efuels | C60: ='REMIND SSP2-RCP2.6'!C60/'REMIND SSP2-RCP2.6 (GDP)'!K$14*'REMIND SSP2-RCP2.6 (GDP)'!K$13 -> 0.61215759 | D60: ='REMIND SSP2-RCP2.6'!D60/'REMIND SSP2-RCP2.6 (GDP)'!L$14*'REMIND SSP2-RCP2.6 (GDP)'!L$13 -> 0.79109053 | E60: ='REMIND SSP2-RCP2.6'!E60/'REMIND SSP2-RCP2.6 (GDP)'!M$14*'REMIND SSP2-RCP2.6 (GDP)'!M$13 -> 0.91458324 | F60: ='REMIND SSP2-RCP2.6'!F60/'REMIND SSP2-RCP2.6 (GDP)'!N$14*'REMIND SSP2-RCP2.6 (GDP)'!N$13 -> 0.017539143 | G60: ='REMIND SSP2-RCP2.6'!G60/'REMIND SSP2-RCP2.6 (GDP)'!O$14*'REMIND SSP2-RCP2.6 (GDP)'!O$13 -> 0.28166697 | H60: ='REMIND SSP2-RCP2.6'!H60/'REMIND SSP2-RCP2.6 (GDP)'!P$14*'REMIND SSP2-RCP2.6 (GDP)'!P$13 -> 0.011802764
B61: atj | C61: ='REMIND SSP2-RCP2.6'!C61/'REMIND SSP2-RCP2.6 (GDP)'!K$14*'REMIND SSP2-RCP2.6 (GDP)'!K$13 -> 0 | D61: ='REMIND SSP2-RCP2.6'!D61/'REMIND SSP2-RCP2.6 (GDP)'!L$14*'REMIND SSP2-RCP2.6 (GDP)'!L$13 -> 0 | E61: ='REMIND SSP2-RCP2.6'!E61/'REMIND SSP2-RCP2.6 (GDP)'!M$14*'REMIND SSP2-RCP2.6 (GDP)'!M$13 -> 0 | F61: ='REMIND SSP2-RCP2.6'!F61/'REMIND SSP2-RCP2.6 (GDP)'!N$14*'REMIND SSP2-RCP2.6 (GDP)'!N$13 -> 0 | G61: ='REMIND SSP2-RCP2.6'!G61/'REMIND SSP2-RCP2.6 (GDP)'!O$14*'REMIND SSP2-RCP2.6 (GDP)'!O$13 -> 0 | H61: ='REMIND SSP2-RCP2.6'!H61/'REMIND SSP2-RCP2.6 (GDP)'!P$14*'REMIND SSP2-RCP2.6 (GDP)'!P$13 -> 0
B62: ft | C62: ='REMIND SSP2-RCP2.6'!C62/'REMIND SSP2-RCP2.6 (GDP)'!K$14*'REMIND SSP2-RCP2.6 (GDP)'!K$13 -> 0 | D62: ='REMIND SSP2-RCP2.6'!D62/'REMIND SSP2-RCP2.6 (GDP)'!L$14*'REMIND SSP2-RCP2.6 (GDP)'!L$13 -> 0 | E62: ='REMIND SSP2-RCP2.6'!E62/'REMIND SSP2-RCP2.6 (GDP)'!M$14*'REMIND SSP2-RCP2.6 (GDP)'!M$13 -> 0 | F62: ='REMIND SSP2-RCP2.6'!F62/'REMIND SSP2-RCP2.6 (GDP)'!N$14*'REMIND SSP2-RCP2.6 (GDP)'!N$13 -> 0 | G62: ='REMIND SSP2-RCP2.6'!G62/'REMIND SSP2-RCP2.6 (GDP)'!O$14*'REMIND SSP2-RCP2.6 (GDP)'!O$13 -> 0 | H62: ='REMIND SSP2-RCP2.6'!H62/'REMIND SSP2-RCP2.6 (GDP)'!P$14*'REMIND SSP2-RCP2.6 (GDP)'!P$13 -> 0
B63: hefa | C63: ='REMIND SSP2-RCP2.6'!C63/'REMIND SSP2-RCP2.6 (GDP)'!K$14*'REMIND SSP2-RCP2.6 (GDP)'!K$13 -> 0 | D63: ='REMIND SSP2-RCP2.6'!D63/'REMIND SSP2-RCP2.6 (GDP)'!L$14*'REMIND SSP2-RCP2.6 (GDP)'!L$13 -> 0 | E63: ='REMIND SSP2-RCP2.6'!E63/'REMIND SSP2-RCP2.6 (GDP)'!M$14*'REMIND SSP2-RCP2.6 (GDP)'!M$13 -> 0 | F63: ='REMIND SSP2-RCP2.6'!F63/'REMIND SSP2-RCP2.6 (GDP)'!N$14*'REMIND SSP2-RCP2.6 (GDP)'!N$13 -> 0 | G63: ='REMIND SSP2-RCP2.6'!G63/'REMIND SSP2-RCP2.6 (GDP)'!O$14*'REMIND SSP2-RCP2.6 (GDP)'!O$13 -> 0 | H63: ='REMIND SSP2-RCP2.6'!H63/'REMIND SSP2-RCP2.6 (GDP)'!P$14*'REMIND SSP2-RCP2.6 (GDP)'!P$13 -> 0
B64: lh2 | C64: ='REMIND SSP2-RCP2.6'!C64/'REMIND SSP2-RCP2.6 (GDP)'!K$14*'REMIND SSP2-RCP2.6 (GDP)'!K$13 -> 0 | D64: ='REMIND SSP2-RCP2.6'!D64/'REMIND SSP2-RCP2.6 (GDP)'!L$14*'REMIND SSP2-RCP2.6 (GDP)'!L$13 -> 0 | E64: ='REMIND SSP2-RCP2.6'!E64/'REMIND SSP2-RCP2.6 (GDP)'!M$14*'REMIND SSP2-RCP2.6 (GDP)'!M$13 -> 0 | F64: ='REMIND SSP2-RCP2.6'!F64/'REMIND SSP2-RCP2.6 (GDP)'!N$14*'REMIND SSP2-RCP2.6 (GDP)'!N$13 -> 0 | G64: ='REMIND SSP2-RCP2.6'!G64/'REMIND SSP2-RCP2.6 (GDP)'!O$14*'REMIND SSP2-RCP2.6 (GDP)'!O$13 -> 0 | H64: ='REMIND SSP2-RCP2.6'!H64/'REMIND SSP2-RCP2.6 (GDP)'!P$14*'REMIND SSP2-RCP2.6 (GDP)'!P$13 -> 0
B65: total | C65: ='REMIND SSP2-RCP2.6'!C65/'REMIND SSP2-RCP2.6 (GDP)'!K$14*'REMIND SSP2-RCP2.6 (GDP)'!K$13 -> 2.2775174 | D65: ='REMIND SSP2-RCP2.6'!D65/'REMIND SSP2-RCP2.6 (GDP)'!L$14*'REMIND SSP2-RCP2.6 (GDP)'!L$13 -> 1.6295493 | E65: ='REMIND SSP2-RCP2.6'!E65/'REMIND SSP2-RCP2.6 (GDP)'!M$14*'REMIND SSP2-RCP2.6 (GDP)'!M$13 -> 0.91497862 | F65: ='REMIND SSP2-RCP2.6'!F65/'REMIND SSP2-RCP2.6 (GDP)'!N$14*'REMIND SSP2-RCP2.6 (GDP)'!N$13 -> 0.017559653 | G65: ='REMIND SSP2-RCP2.6'!G65/'REMIND SSP2-RCP2.6 (GDP)'!O$14*'REMIND SSP2-RCP2.6 (GDP)'!O$13 -> 0.28176604 | H65: ='REMIND SSP2-RCP2.6'!H65/'REMIND SSP2-RCP2.6 (GDP)'!P$14*'REMIND SSP2-RCP2.6 (GDP)'!P$13 -> 0.011902966
A66: Efuel-RES | B66: fk_historical | C66: ='REMIND SSP2-RCP2.6'!C66/'REMIND SSP2-RCP2.6 (GDP)'!K$14*'REMIND SSP2-RCP2.6 (GDP)'!K$13 -> 1.033283 | D66: ='REMIND SSP2-RCP2.6'!D66/'REMIND SSP2-RCP2.6 (GDP)'!L$14*'REMIND SSP2-RCP2.6 (GDP)'!L$13 -> 0.52009974 | E66: ='REMIND SSP2-RCP2.6'!E66/'REMIND SSP2-RCP2.6 (GDP)'!M$14*'REMIND SSP2-RCP2.6 (GDP)'!M$13 -> 0 | F66: ='REMIND SSP2-RCP2.6'!F66/'REMIND SSP2-RCP2.6 (GDP)'!N$14*'REMIND SSP2-RCP2.6 (GDP)'!N$13 -> 0 | G66: ='REMIND SSP2-RCP2.6'!G66/'REMIND SSP2-RCP2.6 (GDP)'!O$14*'REMIND SSP2-RCP2.6 (GDP)'!O$13 -> 0 | H66: ='REMIND SSP2-RCP2.6'!H66/'REMIND SSP2-RCP2.6 (GDP)'!P$14*'REMIND SSP2-RCP2.6 (GDP)'!P$13 -> 0
B67: fk | C67: ='REMIND SSP2-RCP2.6'!C67/'REMIND SSP2-RCP2.6 (GDP)'!K$14*'REMIND SSP2-RCP2.6 (GDP)'!K$13 -> 0.63207678 | D67: ='REMIND SSP2-RCP2.6'!D67/'REMIND SSP2-RCP2.6 (GDP)'!L$14*'REMIND SSP2-RCP2.6 (GDP)'!L$13 -> 0.31835905 | E67: ='REMIND SSP2-RCP2.6'!E67/'REMIND SSP2-RCP2.6 (GDP)'!M$14*'REMIND SSP2-RCP2.6 (GDP)'!M$13 -> 0.00039538796 | F67: ='REMIND SSP2-RCP2.6'!F67/'REMIND SSP2-RCP2.6 (GDP)'!N$14*'REMIND SSP2-RCP2.6 (GDP)'!N$13 -> 2.0509436e-05 | G67: ='REMIND SSP2-RCP2.6'!G67/'REMIND SSP2-RCP2.6 (GDP)'!O$14*'REMIND SSP2-RCP2.6 (GDP)'!O$13 -> 9.9071572e-05 | H67: ='REMIND SSP2-RCP2.6'!H67/'REMIND SSP2-RCP2.6 (GDP)'!P$14*'REMIND SSP2-RCP2.6 (GDP)'!P$13 -> 0.00010020188
B68: efuels | C68: ='REMIND SSP2-RCP2.6'!C68/'REMIND SSP2-RCP2.6 (GDP)'!K$14*'REMIND SSP2-RCP2.6 (GDP)'!K$13 -> 0.19121927 | D68: ='REMIND SSP2-RCP2.6'!D68/'REMIND SSP2-RCP2.6 (GDP)'!L$14*'REMIND SSP2-RCP2.6 (GDP)'!L$13 -> 0.588097 | E68: ='REMIND SSP2-RCP2.6'!E68/'REMIND SSP2-RCP2.6 (GDP)'!M$14*'REMIND SSP2-RCP2.6 (GDP)'!M$13 -> 1.0409515 | F68: ='REMIND SSP2-RCP2.6'!F68/'REMIND SSP2-RCP2.6 (GDP)'!N$14*'REMIND SSP2-RCP2.6 (GDP)'!N$13 -> 0.025707441 | G68: ='REMIND SSP2-RCP2.6'!G68/'REMIND SSP2-RCP2.6 (GDP)'!O$14*'REMIND SSP2-RCP2.6 (GDP)'!O$13 -> 0.1217471 | H68: ='REMIND SSP2-RCP2.6'!H68/'REMIND SSP2-RCP2.6 (GDP)'!P$14*'REMIND SSP2-RCP2.6 (GDP)'!P$13 -> 0.011804772
B69: atj | C69: ='REMIND SSP2-RCP2.6'!C69/'REMIND SSP2-RCP2.6 (GDP)'!K$14*'REMIND SSP2-RCP2.6 (GDP)'!K$13 -> 0 | D69: ='REMIND SSP2-RCP2.6'!D69/'REMIND SSP2-RCP2.6 (GDP)'!L$14*'REMIND SSP2-RCP2.6 (GDP)'!L$13 -> 0 | E69: ='REMIND SSP2-RCP2.6'!E69/'REMIND SSP2-RCP2.6 (GDP)'!M$14*'REMIND SSP2-RCP2.6 (GDP)'!M$13 -> 0 | F69: ='REMIND SSP2-RCP2.6'!F69/'REMIND SSP2-RCP2.6 (GDP)'!N$14*'REMIND SSP2-RCP2.6 (GDP)'!N$13 -> 0 | G69: ='REMIND SSP2-RCP2.6'!G69/'REMIND SSP2-RCP2.6 (GDP)'!O$14*'REMIND SSP2-RCP2.6 (GDP)'!O$13 -> 0 | H69: ='REMIND SSP2-RCP2.6'!H69/'REMIND SSP2-RCP2.6 (GDP)'!P$14*'REMIND SSP2-RCP2.6 (GDP)'!P$13 -> 0
B70: ft | C70: ='REMIND SSP2-RCP2.6'!C70/'REMIND SSP2-RCP2.6 (GDP)'!K$14*'REMIND SSP2-RCP2.6 (GDP)'!K$13 -> 0 | D70: ='REMIND SSP2-RCP2.6'!D70/'REMIND SSP2-RCP2.6 (GDP)'!L$14*'REMIND SSP2-RCP2.6 (GDP)'!L$13 -> 0 | E70: ='REMIND SSP2-RCP2.6'!E70/'REMIND SSP2-RCP2.6 (GDP)'!M$14*'REMIND SSP2-RCP2.6 (GDP)'!M$13 -> 0 | F70: ='REMIND SSP2-RCP2.6'!F70/'REMIND SSP2-RCP2.6 (GDP)'!N$14*'REMIND SSP2-RCP2.6 (GDP)'!N$13 -> 0 | G70: ='REMIND SSP2-RCP2.6'!G70/'REMIND SSP2-RCP2.6 (GDP)'!O$14*'REMIND SSP2-RCP2.6 (GDP)'!O$13 -> 0 | H70: ='REMIND SSP2-RCP2.6'!H70/'REMIND SSP2-RCP2.6 (GDP)'!P$14*'REMIND SSP2-RCP2.6 (GDP)'!P$13 -> 0
B71: hefa | C71: ='REMIND SSP2-RCP2.6'!C71/'REMIND SSP2-RCP2.6 (GDP)'!K$14*'REMIND SSP2-RCP2.6 (GDP)'!K$13 -> 0 | D71: ='REMIND SSP2-RCP2.6'!D71/'REMIND SSP2-RCP2.6 (GDP)'!L$14*'REMIND SSP2-RCP2.6 (GDP)'!L$13 -> 0 | E71: ='REMIND SSP2-RCP2.6'!E71/'REMIND SSP2-RCP2.6 (GDP)'!M$14*'REMIND SSP2-RCP2.6 (GDP)'!M$13 -> 0 | F71: ='REMIND SSP2-RCP2.6'!F71/'REMIND SSP2-RCP2.6 (GDP)'!N$14*'REMIND SSP2-RCP2.6 (GDP)'!N$13 -> 0 | G71: ='REMIND SSP2-RCP2.6'!G71/'REMIND SSP2-RCP2.6 (GDP)'!O$14*'REMIND SSP2-RCP2.6 (GDP)'!O$13 -> 0 | H71: ='REMIND SSP2-RCP2.6'!H71/'REMIND SSP2-RCP2.6 (GDP)'!P$14*'REMIND SSP2-RCP2.6 (GDP)'!P$13 -> 0
B72: lh2 | C72: ='REMIND SSP2-RCP2.6'!C72/'REMIND SSP2-RCP2.6 (GDP)'!K$14*'REMIND SSP2-RCP2.6 (GDP)'!K$13 -> 0 | D72: ='REMIND SSP2-RCP2.6'!D72/'REMIND SSP2-RCP2.6 (GDP)'!L$14*'REMIND SSP2-RCP2.6 (GDP)'!L$13 -> 0 | E72: ='REMIND SSP2-RCP2.6'!E72/'REMIND SSP2-RCP2.6 (GDP)'!M$14*'REMIND SSP2-RCP2.6 (GDP)'!M$13 -> 0 | F72: ='REMIND SSP2-RCP2.6'!F72/'REMIND SSP2-RCP2.6 (GDP)'!N$14*'REMIND SSP2-RCP2.6 (GDP)'!N$13 -> 0 | G72: ='REMIND SSP2-RCP2.6'!G72/'REMIND SSP2-RCP2.6 (GDP)'!O$14*'REMIND SSP2-RCP2.6 (GDP)'!O$13 -> 0 | H72: ='REMIND SSP2-RCP2.6'!H72/'REMIND SSP2-RCP2.6 (GDP)'!P$14*'REMIND SSP2-RCP2.6 (GDP)'!P$13 -> 0
B73: total | C73: ='REMIND SSP2-RCP2.6'!C73/'REMIND SSP2-RCP2.6 (GDP)'!K$14*'REMIND SSP2-RCP2.6 (GDP)'!K$13 -> 1.8565791 | D73: ='REMIND SSP2-RCP2.6'!D73/'REMIND SSP2-RCP2.6 (GDP)'!L$14*'REMIND SSP2-RCP2.6 (GDP)'!L$13 -> 1.4265558 | E73: ='REMIND SSP2-RCP2.6'!E73/'REMIND SSP2-RCP2.6 (GDP)'!M$14*'REMIND SSP2-RCP2.6 (GDP)'!M$13 -> 1.0413469 | F73: ='REMIND SSP2-RCP2.6'!F73/'REMIND SSP2-RCP2.6 (GDP)'!N$14*'REMIND SSP2-RCP2.6 (GDP)'!N$13 -> 0.025727951 | G73: ='REMIND SSP2-RCP2.6'!G73/'REMIND SSP2-RCP2.6 (GDP)'!O$14*'REMIND SSP2-RCP2.6 (GDP)'!O$13 -> 0.12184617 | H73: ='REMIND SSP2-RCP2.6'!H73/'REMIND SSP2-RCP2.6 (GDP)'!P$14*'REMIND SSP2-RCP2.6 (GDP)'!P$13 -> 0.011904974

Sheet REMIND SSP1-RCP1.9 (GDP)
C1: CC | D1: BI | E1: N | F1: P | G1: SOD | H1: FWU | K1: Ratios to baseline
A2: Baseline | B2: fk_historical | C2: ='REMIND SSP1-RCP1.9'!C2/K$14*K$13 -> 1.033283 | D2: ='REMIND SSP1-RCP1.9'!D2/L$14*L$13 -> 0.52009974 | E2: ='REMIND SSP1-RCP1.9'!E2/M$14*M$13 -> 0 | F2: ='REMIND SSP1-RCP1.9'!F2/N$14*N$13 -> 0 | G2: ='REMIND SSP1-RCP1.9'!G2/O$14*O$13 -> 0 | H2: ='REMIND SSP1-RCP1.9'!H2/P$14*P$13 -> 0 | K2: CC | L2: BI | M2: N | N2: P | O2: SOD | P2: FWU
B3: fk | C3: ='REMIND SSP1-RCP1.9'!C3/K$14*K$13 -> 1.580494 | D3: ='REMIND SSP1-RCP1.9'!D3/L$14*L$13 -> 0.83296174 | E3: ='REMIND SSP1-RCP1.9'!E3/M$14*M$13 -> 0.035771037 | F3: ='REMIND SSP1-RCP1.9'!F3/N$14*N$13 -> 0.0021431362 | G3: ='REMIND SSP1-RCP1.9'!G3/O$14*O$13 -> 0.017561993 | H3: ='REMIND SSP1-RCP1.9'!H3/P$14*P$13 -> 0.010575417 | J3: Roadmap-70 | K3: =C17/C9 -> 0.93858639 | L3: =D17/D9 -> 1.603028 | M3: =E17/E9 -> 4.7419332 | N3: =F17/F9 -> 4.8630225 | O3: =G17/G9 -> 4.9213427 | P3: =H17/H9 -> 1.409048
B4: efuels | C4: ='REMIND SSP1-RCP1.9'!C4/K$14*K$13 -> 0 | D4: ='REMIND SSP1-RCP1.9'!D4/L$14*L$13 -> 0 | E4: ='REMIND SSP1-RCP1.9'!E4/M$14*M$13 -> 0 | F4: ='REMIND SSP1-RCP1.9'!F4/N$14*N$13 -> 0 | G4: ='REMIND SSP1-RCP1.9'!G4/O$14*O$13 -> 0 | H4: ='REMIND SSP1-RCP1.9'!H4/P$14*P$13 -> 0 | J4: Roadmap-30-Bio | K4: =C25/C9 -> 0.81935946 | L4: =D25/D9 -> 2.6858642 | M4: =E25/E9 -> 10.486867 | N4: =F25/F9 -> 11.638142 | O4: =G25/G9 -> 10.757309 | P4: =H25/H9 -> 2.1591803
B5: atj | C5: ='REMIND SSP1-RCP1.9'!C5/K$14*K$13 -> 0 | D5: ='REMIND SSP1-RCP1.9'!D5/L$14*L$13 -> 0 | E5: ='REMIND SSP1-RCP1.9'!E5/M$14*M$13 -> 0 | F5: ='REMIND SSP1-RCP1.9'!F5/N$14*N$13 -> 0 | G5: ='REMIND SSP1-RCP1.9'!G5/O$14*O$13 -> 0 | H5: ='REMIND SSP1-RCP1.9'!H5/P$14*P$13 -> 0 | J5: Roadmap-0 | K5: =C33/C9 -> 0.69798199 | L5: =D33/D9 -> 2.3912899 | M5: =E33/E9 -> 18.553218 | N5: =F33/F9 -> 12.547109 | O5: =G33/G9 -> 20.487546 | P5: =H33/H9 -> 1.9477611
B6: ft | C6: ='REMIND SSP1-RCP1.9'!C6/K$14*K$13 -> 0 | D6: ='REMIND SSP1-RCP1.9'!D6/L$14*L$13 -> 0 | E6: ='REMIND SSP1-RCP1.9'!E6/M$14*M$13 -> 0 | F6: ='REMIND SSP1-RCP1.9'!F6/N$14*N$13 -> 0 | G6: ='REMIND SSP1-RCP1.9'!G6/O$14*O$13 -> 0 | H6: ='REMIND SSP1-RCP1.9'!H6/P$14*P$13 -> 0 | J6: Roadmap-30-Efuel | K6: =C41/C9 -> 0.82893611 | L6: =D41/D9 -> 2.1916883 | M6: =E41/E9 -> 12.508513 | N6: =F41/F9 -> 9.7121324 | O6: =G41/G9 -> 13.752444 | P6: =H41/H9 -> 1.7996734
B7: hefa | C7: ='REMIND SSP1-RCP1.9'!C7/K$14*K$13 -> 0 | D7: ='REMIND SSP1-RCP1.9'!D7/L$14*L$13 -> 0 | E7: ='REMIND SSP1-RCP1.9'!E7/M$14*M$13 -> 0 | F7: ='REMIND SSP1-RCP1.9'!F7/N$14*N$13 -> 0 | G7: ='REMIND SSP1-RCP1.9'!G7/O$14*O$13 -> 0 | H7: ='REMIND SSP1-RCP1.9'!H7/P$14*P$13 -> 0 | J7: Bio-Adv | K7: =C49/C9 -> 0.64814549 | L7: =D49/D9 -> 3.9450515 | M7: =E49/E9 -> 10.483932 | N7: =F49/F9 -> 18.27791 | O7: =G49/G9 -> 9.3032742 | P7: =H49/H9 -> 3.1197584
B8: lh2 | C8: ='REMIND SSP1-RCP1.9'!C8/K$14*K$13 -> 0 | D8: ='REMIND SSP1-RCP1.9'!D8/L$14*L$13 -> 0 | E8: ='REMIND SSP1-RCP1.9'!E8/M$14*M$13 -> 0 | F8: ='REMIND SSP1-RCP1.9'!F8/N$14*N$13 -> 0 | G8: ='REMIND SSP1-RCP1.9'!G8/O$14*O$13 -> 0 | H8: ='REMIND SSP1-RCP1.9'!H8/P$14*P$13 -> 0 | J8: Bio-HEFA | K8: =C57/C9 -> 0.66668641 | L8: =D57/D9 -> 1.9524172 | M8: =E57/E9 -> 29.56417 | N8: =F57/F9 -> 35.879314 | O8: =G57/G9 -> 12.489679 | P8: =H57/H9 -> 6.1275821
B9: total | C9: ='REMIND SSP1-RCP1.9'!C9/K$14*K$13 -> 2.5407749 | D9: ='REMIND SSP1-RCP1.9'!D9/L$14*L$13 -> 1.3163161 | E9: ='REMIND SSP1-RCP1.9'!E9/M$14*M$13 -> 0.035771037 | F9: ='REMIND SSP1-RCP1.9'!F9/N$14*N$13 -> 0.0021431362 | G9: ='REMIND SSP1-RCP1.9'!G9/O$14*O$13 -> 0.017561993 | H9: ='REMIND SSP1-RCP1.9'!H9/P$14*P$13 -> 0.010575417 | J9: Efuel-grid | K9: =C65/C9 -> 0.75916995 | L9: =D65/D9 -> 1.3217909 | M9: =E65/E9 -> 24.083901 | N9: =F65/F9 -> 8.3764718 | O9: =G65/G9 -> 28.784747 | P9: =H65/H9 -> 1.1432299
A10: Roadmap-70 | B10: fk_historical | C10: ='REMIND SSP1-RCP1.9'!C10/K$14*K$13 -> 1.033283 | D10: ='REMIND SSP1-RCP1.9'!D10/L$14*L$13 -> 0.52009974 | E10: ='REMIND SSP1-RCP1.9'!E10/M$14*M$13 -> 0 | F10: ='REMIND SSP1-RCP1.9'!F10/N$14*N$13 -> 0 | G10: ='REMIND SSP1-RCP1.9'!G10/O$14*O$13 -> 0 | H10: ='REMIND SSP1-RCP1.9'!H10/P$14*P$13 -> 0 | J10: Efuel-RES | K10: =C73/C9 -> 0.69473498 | L10: =D73/D9 -> 1.0799776 | M10: =E73/E9 -> 26.958228 | N10: =F73/F9 -> 11.269902 | O10: =G73/G9 -> 8.023143 | P10: =H73/H9 -> 1.1461358
B11: fk | C11: ='REMIND SSP1-RCP1.9'!C11/K$14*K$13 -> 1.3850757 | D11: ='REMIND SSP1-RCP1.9'!D11/L$14*L$13 -> 0.72450128 | E11: ='REMIND SSP1-RCP1.9'!E11/M$14*M$13 -> 0.02611999 | F11: ='REMIND SSP1-RCP1.9'!F11/N$14*N$13 -> 0.0015649168 | G11: ='REMIND SSP1-RCP1.9'!G11/O$14*O$13 -> 0.012823757 | H11: ='REMIND SSP1-RCP1.9'!H11/P$14*P$13 -> 0.0077221631
B12: efuels | C12: ='REMIND SSP1-RCP1.9'!C12/K$14*K$13 -> 0.033233314 | D12: ='REMIND SSP1-RCP1.9'!D12/L$14*L$13 -> 0.08220511 | E12: ='REMIND SSP1-RCP1.9'!E12/M$14*M$13 -> 0.073358835 | F12: ='REMIND SSP1-RCP1.9'!F12/N$14*N$13 -> 0.0015275034 | G12: ='REMIND SSP1-RCP1.9'!G12/O$14*O$13 -> 0.043048536 | H12: ='REMIND SSP1-RCP1.9'!H12/P$14*P$13 -> 0.0010213122 | J12: shares | K12: CC | L12: BI | M12: N | N12: P | O12: SOD | P12: FWU
B13: atj | C13: ='REMIND SSP1-RCP1.9'!C13/K$14*K$13 -> 0.079026042 | D13: ='REMIND SSP1-RCP1.9'!D13/L$14*L$13 -> 0.40419792 | E13: ='REMIND SSP1-RCP1.9'!E13/M$14*M$13 -> 0.01594341 | F13: ='REMIND SSP1-RCP1.9'!F13/N$14*N$13 -> 0.0021287995 | G13: ='REMIND SSP1-RCP1.9'!G13/O$14*O$13 -> 0.010141196 | H13: ='REMIND SSP1-RCP1.9'!H13/P$14*P$13 -> 0.0019132621 | J13: FHN | K13: 0.9 | L13: 0.012 | M13: 0.02 | N13: 0.002 | O13: 2.2 | P13: 0.4
B14: ft | C14: ='REMIND SSP1-RCP1.9'!C14/K$14*K$13 -> -0.075097065 | D14: ='REMIND SSP1-RCP1.9'!D14/L$14*L$13 -> 0.40703908 | E14: ='REMIND SSP1-RCP1.9'!E14/M$14*M$13 -> 0.0140589 | F14: ='REMIND SSP1-RCP1.9'!F14/N$14*N$13 -> 0.0024643226 | G14: ='REMIND SSP1-RCP1.9'!G14/O$14*O$13 -> 0.013403038 | H14: ='REMIND SSP1-RCP1.9'!H14/P$14*P$13 -> 0.001940371 | J14: GDP | K14: 2.9 | L14: 2.9 | M14: 2.9 | N14: 2.9 | O14: 2.9 | P14: 2.9
B15: hefa | C15: ='REMIND SSP1-RCP1.9'!C15/K$14*K$13 -> 0.0022178 | D15: ='REMIND SSP1-RCP1.9'!D15/L$14*L$13 -> 0.0087938155 | E15: ='REMIND SSP1-RCP1.9'!E15/M$14*M$13 -> 0.040142733 | F15: ='REMIND SSP1-RCP1.9'!F15/N$14*N$13 -> 0.0027365772 | G15: ='REMIND SSP1-RCP1.9'!G15/O$14*O$13 -> 0.0070120597 | H15: ='REMIND SSP1-RCP1.9'!H15/P$14*P$13 -> 0.0023041612
B16: lh2 | C16: ='REMIND SSP1-RCP1.9'!C16/K$14*K$13 -> 0 | D16: ='REMIND SSP1-RCP1.9'!D16/L$14*L$13 -> 0 | E16: ='REMIND SSP1-RCP1.9'!E16/M$14*M$13 -> 0 | F16: ='REMIND SSP1-RCP1.9'!F16/N$14*N$13 -> 0 | G16: ='REMIND SSP1-RCP1.9'!G16/O$14*O$13 -> 0 | H16: ='REMIND SSP1-RCP1.9'!H16/P$14*P$13 -> 0
B17: total | C17: ='REMIND SSP1-RCP1.9'!C17/K$14*K$13 -> 2.3847367 | D17: ='REMIND SSP1-RCP1.9'!D17/L$14*L$13 -> 2.1100916 | E17: ='REMIND SSP1-RCP1.9'!E17/M$14*M$13 -> 0.16962387 | F17: ='REMIND SSP1-RCP1.9'!F17/N$14*N$13 -> 0.01042212 | G17: ='REMIND SSP1-RCP1.9'!G17/O$14*O$13 -> 0.086428587 | H17: ='REMIND SSP1-RCP1.9'!H17/P$14*P$13 -> 0.01490127
A18: Roadmap-30-Bio | B18: fk_historical | C18: ='REMIND SSP1-RCP1.9'!C18/K$14*K$13 -> 1.033283 | D18: ='REMIND SSP1-RCP1.9'!D18/L$14*L$13 -> 0.52009974 | E18: ='REMIND SSP1-RCP1.9'!E18/M$14*M$13 -> 0 | F18: ='REMIND SSP1-RCP1.9'!F18/N$14*N$13 -> 0 | G18: ='REMIND SSP1-RCP1.9'!G18/O$14*O$13 -> 0 | H18: ='REMIND SSP1-RCP1.9'!H18/P$14*P$13 -> 0
B19: fk | C19: ='REMIND SSP1-RCP1.9'!C19/K$14*K$13 -> 0.96136444 | D19: ='REMIND SSP1-RCP1.9'!D19/L$14*L$13 -> 0.49443115 | E19: ='REMIND SSP1-RCP1.9'!E19/M$14*M$13 -> 0.010065936 | F19: ='REMIND SSP1-RCP1.9'!F19/N$14*N$13 -> 0.00060307649 | G19: ='REMIND SSP1-RCP1.9'!G19/O$14*O$13 -> 0.0049419281 | H19: ='REMIND SSP1-RCP1.9'!H19/P$14*P$13 -> 0.0029759122
B20: efuels | C20: ='REMIND SSP1-RCP1.9'!C20/K$14*K$13 -> 0.13465818 | D20: ='REMIND SSP1-RCP1.9'!D20/L$14*L$13 -> 0.21506965 | E20: ='REMIND SSP1-RCP1.9'!E20/M$14*M$13 -> 0.16501942 | F20: ='REMIND SSP1-RCP1.9'!F20/N$14*N$13 -> 0.0034360924 | G20: ='REMIND SSP1-RCP1.9'!G20/O$14*O$13 -> 0.096836931 | H20: ='REMIND SSP1-RCP1.9'!H20/P$14*P$13 -> 0.002297424
B21: atj | C21: ='REMIND SSP1-RCP1.9'!C21/K$14*K$13 -> 0.29512091 | D21: ='REMIND SSP1-RCP1.9'!D21/L$14*L$13 -> 1.1878081 | E21: ='REMIND SSP1-RCP1.9'!E21/M$14*M$13 -> 0.04546767 | F21: ='REMIND SSP1-RCP1.9'!F21/N$14*N$13 -> 0.0060709445 | G21: ='REMIND SSP1-RCP1.9'!G21/O$14*O$13 -> 0.028920825 | H21: ='REMIND SSP1-RCP1.9'!H21/P$14*P$13 -> 0.0054562714
B22: ft | C22: ='REMIND SSP1-RCP1.9'!C22/K$14*K$13 -> -0.27815499 | D22: ='REMIND SSP1-RCP1.9'!D22/L$14*L$13 -> 1.1285904 | E22: ='REMIND SSP1-RCP1.9'!E22/M$14*M$13 -> 0.040093394 | F22: ='REMIND SSP1-RCP1.9'!F22/N$14*N$13 -> 0.0070277946 | G22: ='REMIND SSP1-RCP1.9'!G22/O$14*O$13 -> 0.038222999 | H22: ='REMIND SSP1-RCP1.9'!H22/P$14*P$13 -> 0.005533581
B23: hefa | C23: ='REMIND SSP1-RCP1.9'!C23/K$14*K$13 -> 0.008538481 | D23: ='REMIND SSP1-RCP1.9'!D23/L$14*L$13 -> 0.026192614 | E23: ='REMIND SSP1-RCP1.9'!E23/M$14*M$13 -> 0.11447969 | F23: ='REMIND SSP1-RCP1.9'!F23/N$14*N$13 -> 0.0078042146 | G23: ='REMIND SSP1-RCP1.9'!G23/O$14*O$13 -> 0.019997104 | H23: ='REMIND SSP1-RCP1.9'!H23/P$14*P$13 -> 0.0065710438
B24: lh2 | C24: ='REMIND SSP1-RCP1.9'!C24/K$14*K$13 -> 0 | D24: ='REMIND SSP1-RCP1.9'!D24/L$14*L$13 -> 0 | E24: ='REMIND SSP1-RCP1.9'!E24/M$14*M$13 -> 0 | F24: ='REMIND SSP1-RCP1.9'!F24/N$14*N$13 -> 0 | G24: ='REMIND SSP1-RCP1.9'!G24/O$14*O$13 -> 0 | H24: ='REMIND SSP1-RCP1.9'!H24/P$14*P$13 -> 0
B25: total | C25: ='REMIND SSP1-RCP1.9'!C25/K$14*K$13 -> 2.0818079 | D25: ='REMIND SSP1-RCP1.9'!D25/L$14*L$13 -> 3.5354463 | E25: ='REMIND SSP1-RCP1.9'!E25/M$14*M$13 -> 0.37512611 | F25: ='REMIND SSP1-RCP1.9'!F25/N$14*N$13 -> 0.024942123 | G25: ='REMIND SSP1-RCP1.9'!G25/O$14*O$13 -> 0.18891979 | H25: ='REMIND SSP1-RCP1.9'!H25/P$14*P$13 -> 0.022834232
A26: Roadmap-0 | B26: fk_historical | C26: ='REMIND SSP1-RCP1.9'!C26/K$14*K$13 -> 1.033283 | D26: ='REMIND SSP1-RCP1.9'!D26/L$14*L$13 -> 0.52009974 | E26: ='REMIND SSP1-RCP1.9'!E26/M$14*M$13 -> 0 | F26: ='REMIND SSP1-RCP1.9'!F26/N$14*N$13 -> 0 | G26: ='REMIND SSP1-RCP1.9'!G26/O$14*O$13 -> 0 | H26: ='REMIND SSP1-RCP1.9'!H26/P$14*P$13 -> 0
B27: fk | C27: ='REMIND SSP1-RCP1.9'!C27/K$14*K$13 -> 0.55207155 | D27: ='REMIND SSP1-RCP1.9'!D27/L$14*L$13 -> 0.27788348 | E27: ='REMIND SSP1-RCP1.9'!E27/M$14*M$13 -> 0 | F27: ='REMIND SSP1-RCP1.9'!F27/N$14*N$13 -> 0 | G27: ='REMIND SSP1-RCP1.9'!G27/O$14*O$13 -> 0 | H27: ='REMIND SSP1-RCP1.9'!H27/P$14*P$13 -> 0
B28: efuels | C28: ='REMIND SSP1-RCP1.9'!C28/K$14*K$13 -> 0.21798028 | D28: ='REMIND SSP1-RCP1.9'!D28/L$14*L$13 -> 0.53782363 | E28: ='REMIND SSP1-RCP1.9'!E28/M$14*M$13 -> 0.47963558 | F28: ='REMIND SSP1-RCP1.9'!F28/N$14*N$13 -> 0.0099871405 | G28: ='REMIND SSP1-RCP1.9'!G28/O$14*O$13 -> 0.28146043 | H28: ='REMIND SSP1-RCP1.9'!H28/P$14*P$13 -> 0.0066775552
B29: atj | C29: ='REMIND SSP1-RCP1.9'!C29/K$14*K$13 -> 0.3990682 | D29: ='REMIND SSP1-RCP1.9'!D29/L$14*L$13 -> 1.0066085 | E29: ='REMIND SSP1-RCP1.9'!E29/M$14*M$13 -> 0.035251109 | F29: ='REMIND SSP1-RCP1.9'!F29/N$14*N$13 -> 0.0047068065 | G29: ='REMIND SSP1-RCP1.9'!G29/O$14*O$13 -> 0.022422331 | H29: ='REMIND SSP1-RCP1.9'!H29/P$14*P$13 -> 0.0042302502
B30: ft | C30: ='REMIND SSP1-RCP1.9'!C30/K$14*K$13 -> -0.3700206 | D30: ='REMIND SSP1-RCP1.9'!D30/L$14*L$13 -> 0.79729665 | E30: ='REMIND SSP1-RCP1.9'!E30/M$14*M$13 -> 0.03108443 | F30: ='REMIND SSP1-RCP1.9'!F30/N$14*N$13 -> 0.005448653 | G30: ='REMIND SSP1-RCP1.9'!G30/O$14*O$13 -> 0.029634312 | H30: ='REMIND SSP1-RCP1.9'!H30/P$14*P$13 -> 0.0042901883
B31: hefa | C31: ='REMIND SSP1-RCP1.9'!C31/K$14*K$13 -> 0.012154313 | D31: ='REMIND SSP1-RCP1.9'!D31/L$14*L$13 -> 0.023092883 | E31: ='REMIND SSP1-RCP1.9'!E31/M$14*M$13 -> 0.088756163 | F31: ='REMIND SSP1-RCP1.9'!F31/N$14*N$13 -> 0.0060506118 | G31: ='REMIND SSP1-RCP1.9'!G31/O$14*O$13 -> 0.015503765 | H31: ='REMIND SSP1-RCP1.9'!H31/P$14*P$13 -> 0.0050945338
B32: lh2 | C32: ='REMIND SSP1-RCP1.9'!C32/K$14*K$13 -> 0.0018804526 | D32: ='REMIND SSP1-RCP1.9'!D32/L$14*L$13 -> 0.021633893 | E32: ='REMIND SSP1-RCP1.9'!E32/M$14*M$13 -> 0.02894057 | F32: ='REMIND SSP1-RCP1.9'!F32/N$14*N$13 -> 0.00069695081 | G32: ='REMIND SSP1-RCP1.9'!G32/O$14*O$13 -> 0.0107813 | H32: ='REMIND SSP1-RCP1.9'!H32/P$14*P$13 -> 0.00030585801
B33: total | C33: ='REMIND SSP1-RCP1.9'!C33/K$14*K$13 -> 1.7734151 | D33: ='REMIND SSP1-RCP1.9'!D33/L$14*L$13 -> 3.1476934 | E33: ='REMIND SSP1-RCP1.9'!E33/M$14*M$13 -> 0.66366785 | F33: ='REMIND SSP1-RCP1.9'!F33/N$14*N$13 -> 0.026890163 | G33: ='REMIND SSP1-RCP1.9'!G33/O$14*O$13 -> 0.35980214 | H33: ='REMIND SSP1-RCP1.9'!H33/P$14*P$13 -> 0.020598385
A34: Roadmap-30-Efuel | B34: fk_historical | C34: ='REMIND SSP1-RCP1.9'!C34/K$14*K$13 -> 1.033283 | D34: ='REMIND SSP1-RCP1.9'!D34/L$14*L$13 -> 0.52009974 | E34: ='REMIND SSP1-RCP1.9'!E34/M$14*M$13 -> 0 | F34: ='REMIND SSP1-RCP1.9'!F34/N$14*N$13 -> 0 | G34: ='REMIND SSP1-RCP1.9'!G34/O$14*O$13 -> 0 | H34: ='REMIND SSP1-RCP1.9'!H34/P$14*P$13 -> 0
B35: fk | C35: ='REMIND SSP1-RCP1.9'!C35/K$14*K$13 -> 1.0715254 | D35: ='REMIND SSP1-RCP1.9'!D35/L$14*L$13 -> 0.55057646 | E35: ='REMIND SSP1-RCP1.9'!E35/M$14*M$13 -> 0.010731311 | F35: ='REMIND SSP1-RCP1.9'!F35/N$14*N$13 -> 0.00064294086 | G35: ='REMIND SSP1-RCP1.9'!G35/O$14*O$13 -> 0.0052685979 | H35: ='REMIND SSP1-RCP1.9'!H35/P$14*P$13 -> 0.0031726251
B36: efuels | C36: ='REMIND SSP1-RCP1.9'!C36/K$14*K$13 -> 0.052599356 | D36: ='REMIND SSP1-RCP1.9'!D36/L$14*L$13 -> 0.2980912 | E36: ='REMIND SSP1-RCP1.9'!E36/M$14*M$13 -> 0.30431031 | F36: ='REMIND SSP1-RCP1.9'!F36/N$14*N$13 -> 0.0063364563 | G36: ='REMIND SSP1-RCP1.9'!G36/O$14*O$13 -> 0.17857581 | H36: ='REMIND SSP1-RCP1.9'!H36/P$14*P$13 -> 0.0042366518
B37: atj | C37: ='REMIND SSP1-RCP1.9'!C37/K$14*K$13 -> 0.22378001 | D37: ='REMIND SSP1-RCP1.9'!D37/L$14*L$13 -> 0.80049333 | E37: ='REMIND SSP1-RCP1.9'!E37/M$14*M$13 -> 0.03009366 | F37: ='REMIND SSP1-RCP1.9'!F37/N$14*N$13 -> 0.0040181724 | G37: ='REMIND SSP1-RCP1.9'!G37/O$14*O$13 -> 0.019141809 | H37: ='REMIND SSP1-RCP1.9'!H37/P$14*P$13 -> 0.0036113391
B38: ft | C38: ='REMIND SSP1-RCP1.9'!C38/K$14*K$13 -> -0.20873972 | D38: ='REMIND SSP1-RCP1.9'!D38/L$14*L$13 -> 0.73457826 | E38: ='REMIND SSP1-RCP1.9'!E38/M$14*M$13 -> 0.026536591 | F38: ='REMIND SSP1-RCP1.9'!F38/N$14*N$13 -> 0.0046514822 | G38: ='REMIND SSP1-RCP1.9'!G38/O$14*O$13 -> 0.025298633 | H38: ='REMIND SSP1-RCP1.9'!H38/P$14*P$13 -> 0.003662508
B39: hefa | C39: ='REMIND SSP1-RCP1.9'!C39/K$14*K$13 -> 0.0066940804 | D39: ='REMIND SSP1-RCP1.9'!D39/L$14*L$13 -> 0.01786094 | E39: ='REMIND SSP1-RCP1.9'!E39/M$14*M$13 -> 0.075770602 | F39: ='REMIND SSP1-RCP1.9'!F39/N$14*N$13 -> 0.0051653709 | G39: ='REMIND SSP1-RCP1.9'!G39/O$14*O$13 -> 0.013235471 | H39: ='REMIND SSP1-RCP1.9'!H39/P$14*P$13 -> 0.0043491728
B40: lh2 | C40: ='REMIND SSP1-RCP1.9'!C40/K$14*K$13 -> 0 | D40: ='REMIND SSP1-RCP1.9'!D40/L$14*L$13 -> 0 | E40: ='REMIND SSP1-RCP1.9'!E40/M$14*M$13 -> 0 | F40: ='REMIND SSP1-RCP1.9'!F40/N$14*N$13 -> 0 | G40: ='REMIND SSP1-RCP1.9'!G40/O$14*O$13 -> 0 | H40: ='REMIND SSP1-RCP1.9'!H40/P$14*P$13 -> 0
B41: total | C41: ='REMIND SSP1-RCP1.9'!C41/K$14*K$13 -> 2.10614 | D41: ='REMIND SSP1-RCP1.9'!D41/L$14*L$13 -> 2.8849546 | E41: ='REMIND SSP1-RCP1.9'!E41/M$14*M$13 -> 0.44744248 | F41: ='REMIND SSP1-RCP1.9'!F41/N$14*N$13 -> 0.020814423 | G41: ='REMIND SSP1-RCP1.9'!G41/O$14*O$13 -> 0.24152032 | H41: ='REMIND SSP1-RCP1.9'!H41/P$14*P$13 -> 0.019032297
A42: Bio-Adv | B42: fk_historical | C42: ='REMIND SSP1-RCP1.9'!C42/K$14*K$13 -> 1.033283 | D42: ='REMIND SSP1-RCP1.9'!D42/L$14*L$13 -> 0.52009974 | E42: ='REMIND SSP1-RCP1.9'!E42/M$14*M$13 -> 0 | F42: ='REMIND SSP1-RCP1.9'!F42/N$14*N$13 -> 0 | G42: ='REMIND SSP1-RCP1.9'!G42/O$14*O$13 -> 0 | H42: ='REMIND SSP1-RCP1.9'!H42/P$14*P$13 -> 0
B43: fk | C43: ='REMIND SSP1-RCP1.9'!C43/K$14*K$13 -> 0.6307039 | D43: ='REMIND SSP1-RCP1.9'!D43/L$14*L$13 -> 0.31781979 | E43: ='REMIND SSP1-RCP1.9'!E43/M$14*M$13 -> 0.00034119447 | F43: ='REMIND SSP1-RCP1.9'!F43/N$14*N$13 -> 2.0441852e-05 | G43: ='REMIND SSP1-RCP1.9'!G43/O$14*O$13 -> 0.00016751136 | H43: ='REMIND SSP1-RCP1.9'!H43/P$14*P$13 -> 0.00010087138
B44: efuels | C44: ='REMIND SSP1-RCP1.9'!C44/K$14*K$13 -> 0 | D44: ='REMIND SSP1-RCP1.9'!D44/L$14*L$13 -> 0 | E44: ='REMIND SSP1-RCP1.9'!E44/M$14*M$13 -> 0 | F44: ='REMIND SSP1-RCP1.9'!F44/N$14*N$13 -> 0 | G44: ='REMIND SSP1-RCP1.9'!G44/O$14*O$13 -> 0 | H44: ='REMIND SSP1-RCP1.9'!H44/P$14*P$13 -> 0
B45: atj | C45: ='REMIND SSP1-RCP1.9'!C45/K$14*K$13 -> 0.67123046 | D45: ='REMIND SSP1-RCP1.9'!D45/L$14*L$13 -> 2.2844143 | E45: ='REMIND SSP1-RCP1.9'!E45/M$14*M$13 -> 0.085161765 | F45: ='REMIND SSP1-RCP1.9'!F45/N$14*N$13 -> 0.011370988 | G45: ='REMIND SSP1-RCP1.9'!G45/O$14*O$13 -> 0.054169226 | H45: ='REMIND SSP1-RCP1.9'!H45/P$14*P$13 -> 0.010219695
B46: ft | C46: ='REMIND SSP1-RCP1.9'!C46/K$14*K$13 -> -0.63485105 | D46: ='REMIND SSP1-RCP1.9'!D46/L$14*L$13 -> 2.0565581 | E46: ='REMIND SSP1-RCP1.9'!E46/M$14*M$13 -> 0.075095649 | F46: ='REMIND SSP1-RCP1.9'!F46/N$14*N$13 -> 0.013163186 | G46: ='REMIND SSP1-RCP1.9'!G46/O$14*O$13 -> 0.071592365 | H46: ='REMIND SSP1-RCP1.9'!H46/P$14*P$13 -> 0.010364497
B47: hefa | C47: ='REMIND SSP1-RCP1.9'!C47/K$14*K$13 -> 0.019427559 | D47: ='REMIND SSP1-RCP1.9'!D47/L$14*L$13 -> 0.050788148 | E47: ='REMIND SSP1-RCP1.9'!E47/M$14*M$13 -> 0.21442251 | F47: ='REMIND SSP1-RCP1.9'!F47/N$14*N$13 -> 0.014617435 | G47: ='REMIND SSP1-RCP1.9'!G47/O$14*O$13 -> 0.037454935 | H47: ='REMIND SSP1-RCP1.9'!H47/P$14*P$13 -> 0.012307683
B48: lh2 | C48: ='REMIND SSP1-RCP1.9'!C48/K$14*K$13 -> 0 | D48: ='REMIND SSP1-RCP1.9'!D48/L$14*L$13 -> 0 | E48: ='REMIND SSP1-RCP1.9'!E48/M$14*M$13 -> 0 | F48: ='REMIND SSP1-RCP1.9'!F48/N$14*N$13 -> 0 | G48: ='REMIND SSP1-RCP1.9'!G48/O$14*O$13 -> 0 | H48: ='REMIND SSP1-RCP1.9'!H48/P$14*P$13 -> 0
B49: total | C49: ='REMIND SSP1-RCP1.9'!C49/K$14*K$13 -> 1.6467918 | D49: ='REMIND SSP1-RCP1.9'!D49/L$14*L$13 -> 5.1929348 | E49: ='REMIND SSP1-RCP1.9'!E49/M$14*M$13 -> 0.37502112 | F49: ='REMIND SSP1-RCP1.9'!F49/N$14*N$13 -> 0.039172051 | G49: ='REMIND SSP1-RCP1.9'!G49/O$14*O$13 -> 0.16338404 | H49: ='REMIND SSP1-RCP1.9'!H49/P$14*P$13 -> 0.032992746
A50: Bio-HEFA | B50: fk_historical | C50: ='REMIND SSP1-RCP1.9'!C50/K$14*K$13 -> 1.033283 | D50: ='REMIND SSP1-RCP1.9'!D50/L$14*L$13 -> 0.52009974 | E50: ='REMIND SSP1-RCP1.9'!E50/M$14*M$13 -> 0 | F50: ='REMIND SSP1-RCP1.9'!F50/N$14*N$13 -> 0 | G50: ='REMIND SSP1-RCP1.9'!G50/O$14*O$13 -> 0 | H50: ='REMIND SSP1-RCP1.9'!H50/P$14*P$13 -> 0
B51: fk | C51: ='REMIND SSP1-RCP1.9'!C51/K$14*K$13 -> 0.6307039 | D51: ='REMIND SSP1-RCP1.9'!D51/L$14*L$13 -> 0.31781979 | E51: ='REMIND SSP1-RCP1.9'!E51/M$14*M$13 -> 0.00034119447 | F51: ='REMIND SSP1-RCP1.9'!F51/N$14*N$13 -> 2.0441852e-05 | G51: ='REMIND SSP1-RCP1.9'!G51/O$14*O$13 -> 0.00016751136 | H51: ='REMIND SSP1-RCP1.9'!H51/P$14*P$13 -> 0.00010087138
B52: efuels | C52: ='REMIND SSP1-RCP1.9'!C52/K$14*K$13 -> 0 | D52: ='REMIND SSP1-RCP1.9'!D52/L$14*L$13 -> 0 | E52: ='REMIND SSP1-RCP1.9'!E52/M$14*M$13 -> 0 | F52: ='REMIND SSP1-RCP1.9'!F52/N$14*N$13 -> 0 | G52: ='REMIND SSP1-RCP1.9'!G52/O$14*O$13 -> 0 | H52: ='REMIND SSP1-RCP1.9'!H52/P$14*P$13 -> 0
B53: atj | C53: ='REMIND SSP1-RCP1.9'!C53/K$14*K$13 -> 0.23723625 | D53: ='REMIND SSP1-RCP1.9'!D53/L$14*L$13 -> 0.80643068 | E53: ='REMIND SSP1-RCP1.9'!E53/M$14*M$13 -> 0.030057093 | F53: ='REMIND SSP1-RCP1.9'!F53/N$14*N$13 -> 0.00401329 | G53: ='REMIND SSP1-RCP1.9'!G53/O$14*O$13 -> 0.01911855 | H53: ='REMIND SSP1-RCP1.9'!H53/P$14*P$13 -> 0.003606951
B54: ft | C54: ='REMIND SSP1-RCP1.9'!C54/K$14*K$13 -> -0.22332649 | D54: ='REMIND SSP1-RCP1.9'!D54/L$14*L$13 -> 0.72621582 | E54: ='REMIND SSP1-RCP1.9'!E54/M$14*M$13 -> 0.026504347 | F54: ='REMIND SSP1-RCP1.9'!F54/N$14*N$13 -> 0.0046458303 | G54: ='REMIND SSP1-RCP1.9'!G54/O$14*O$13 -> 0.025267894 | H54: ='REMIND SSP1-RCP1.9'!H54/P$14*P$13 -> 0.0036580577
B55: hefa | C55: ='REMIND SSP1-RCP1.9'!C55/K$14*K$13 -> 0.089005515 | D55: ='REMIND SSP1-RCP1.9'!D55/L$14*L$13 -> 0.2361776 | E55: ='REMIND SSP1-RCP1.9'!E55/M$14*M$13 -> 1.0006384 | F55: ='REMIND SSP1-RCP1.9'!F55/N$14*N$13 -> 0.068214694 | G55: ='REMIND SSP1-RCP1.9'!G55/O$14*O$13 -> 0.1747897 | H55: ='REMIND SSP1-RCP1.9'!H55/P$14*P$13 -> 0.057435855
B56: lh2 | C56: ='REMIND SSP1-RCP1.9'!C56/K$14*K$13 -> 0 | D56: ='REMIND SSP1-RCP1.9'!D56/L$14*L$13 -> 0 | E56: ='REMIND SSP1-RCP1.9'!E56/M$14*M$13 -> 0 | F56: ='REMIND SSP1-RCP1.9'!F56/N$14*N$13 -> 0 | G56: ='REMIND SSP1-RCP1.9'!G56/O$14*O$13 -> 0 | H56: ='REMIND SSP1-RCP1.9'!H56/P$14*P$13 -> 0
B57: total | C57: ='REMIND SSP1-RCP1.9'!C57/K$14*K$13 -> 1.6939001 | D57: ='REMIND SSP1-RCP1.9'!D57/L$14*L$13 -> 2.5699983 | E57: ='REMIND SSP1-RCP1.9'!E57/M$14*M$13 -> 1.057541 | F57: ='REMIND SSP1-RCP1.9'!F57/N$14*N$13 -> 0.076894257 | G57: ='REMIND SSP1-RCP1.9'!G57/O$14*O$13 -> 0.21934365 | H57: ='REMIND SSP1-RCP1.9'!H57/P$14*P$13 -> 0.064801735
A58: Efuel-grid | B58: fk_historical | C58: ='REMIND SSP1-RCP1.9'!C58/K$14*K$13 -> 1.033283 | D58: ='REMIND SSP1-RCP1.9'!D58/L$14*L$13 -> 0.52009974 | E58: ='REMIND SSP1-RCP1.9'!E58/M$14*M$13 -> 0 | F58: ='REMIND SSP1-RCP1.9'!F58/N$14*N$13 -> 0 | G58: ='REMIND SSP1-RCP1.9'!G58/O$14*O$13 -> 0 | H58: ='REMIND SSP1-RCP1.9'!H58/P$14*P$13 -> 0
B59: fk | C59: ='REMIND SSP1-RCP1.9'!C59/K$14*K$13 -> 0.6307039 | D59: ='REMIND SSP1-RCP1.9'!D59/L$14*L$13 -> 0.31781979 | E59: ='REMIND SSP1-RCP1.9'!E59/M$14*M$13 -> 0.00034119447 | F59: ='REMIND SSP1-RCP1.9'!F59/N$14*N$13 -> 2.0441852e-05 | G59: ='REMIND SSP1-RCP1.9'!G59/O$14*O$13 -> 0.00016751136 | H59: ='REMIND SSP1-RCP1.9'!H59/P$14*P$13 -> 0.00010087138
B60: efuels | C60: ='REMIND SSP1-RCP1.9'!C60/K$14*K$13 -> 0.33789514 | D60: ='REMIND SSP1-RCP1.9'!D60/L$14*L$13 -> 0.93872054 | E60: ='REMIND SSP1-RCP1.9'!E60/M$14*M$13 -> 0.8611649 | F60: ='REMIND SSP1-RCP1.9'!F60/N$14*N$13 -> 0.017931478 | G60: ='REMIND SSP1-RCP1.9'!G60/O$14*O$13 -> 0.50535001 | H60: ='REMIND SSP1-RCP1.9'!H60/P$14*P$13 -> 0.011989261
B61: atj | C61: ='REMIND SSP1-RCP1.9'!C61/K$14*K$13 -> 0 | D61: ='REMIND SSP1-RCP1.9'!D61/L$14*L$13 -> 0 | E61: ='REMIND SSP1-RCP1.9'!E61/M$14*M$13 -> 0 | F61: ='REMIND SSP1-RCP1.9'!F61/N$14*N$13 -> 0 | G61: ='REMIND SSP1-RCP1.9'!G61/O$14*O$13 -> 0 | H61: ='REMIND SSP1-RCP1.9'!H61/P$14*P$13 -> 0
B62: ft | C62: ='REMIND SSP1-RCP1.9'!C62/K$14*K$13 -> 0 | D62: ='REMIND SSP1-RCP1.9'!D62/L$14*L$13 -> 0 | E62: ='REMIND SSP1-RCP1.9'!E62/M$14*M$13 -> 0 | F62: ='REMIND SSP1-RCP1.9'!F62/N$14*N$13 -> 0 | G62: ='REMIND SSP1-RCP1.9'!G62/O$14*O$13 -> 0 | H62: ='REMIND SSP1-RCP1.9'!H62/P$14*P$13 -> 0
B63: hefa | C63: ='REMIND SSP1-RCP1.9'!C63/K$14*K$13 -> 0 | D63: ='REMIND SSP1-RCP1.9'!D63/L$14*L$13 -> 0 | E63: ='REMIND SSP1-RCP1.9'!E63/M$14*M$13 -> 0 | F63: ='REMIND SSP1-RCP1.9'!F63/N$14*N$13 -> 0 | G63: ='REMIND SSP1-RCP1.9'!G63/O$14*O$13 -> 0 | H63: ='REMIND SSP1-RCP1.9'!H63/P$14*P$13 -> 0
B64: lh2 | C64: ='REMIND SSP1-RCP1.9'!C64/K$14*K$13 -> 0 | D64: ='REMIND SSP1-RCP1.9'!D64/L$14*L$13 -> 0 | E64: ='REMIND SSP1-RCP1.9'!E64/M$14*M$13 -> 0 | F64: ='REMIND SSP1-RCP1.9'!F64/N$14*N$13 -> 0 | G64: ='REMIND SSP1-RCP1.9'!G64/O$14*O$13 -> 0 | H64: ='REMIND SSP1-RCP1.9'!H64/P$14*P$13 -> 0
B65: total | C65: ='REMIND SSP1-RCP1.9'!C65/K$14*K$13 -> 1.9288799 | D65: ='REMIND SSP1-RCP1.9'!D65/L$14*L$13 -> 1.7398947 | E65: ='REMIND SSP1-RCP1.9'!E65/M$14*M$13 -> 0.86150609 | F65: ='REMIND SSP1-RCP1.9'!F65/N$14*N$13 -> 0.01795192 | G65: ='REMIND SSP1-RCP1.9'!G65/O$14*O$13 -> 0.50551752 | H65: ='REMIND SSP1-RCP1.9'!H65/P$14*P$13 -> 0.012090132
A66: Efuel-RES | B66: fk_historical | C66: ='REMIND SSP1-RCP1.9'!C66/K$14*K$13 -> 1.033283 | D66: ='REMIND SSP1-RCP1.9'!D66/L$14*L$13 -> 0.52009974 | E66: ='REMIND SSP1-RCP1.9'!E66/M$14*M$13 -> 0 | F66: ='REMIND SSP1-RCP1.9'!F66/N$14*N$13 -> 0 | G66: ='REMIND SSP1-RCP1.9'!G66/O$14*O$13 -> 0 | H66: ='REMIND SSP1-RCP1.9'!H66/P$14*P$13 -> 0
B67: fk | C67: ='REMIND SSP1-RCP1.9'!C67/K$14*K$13 -> 0.6307039 | D67: ='REMIND SSP1-RCP1.9'!D67/L$14*L$13 -> 0.31781979 | E67: ='REMIND SSP1-RCP1.9'!E67/M$14*M$13 -> 0.00034119447 | F67: ='REMIND SSP1-RCP1.9'!F67/N$14*N$13 -> 2.0441852e-05 | G67: ='REMIND SSP1-RCP1.9'!G67/O$14*O$13 -> 0.00016751136 | H67: ='REMIND SSP1-RCP1.9'!H67/P$14*P$13 -> 0.00010087138
B68: efuels | C68: ='REMIND SSP1-RCP1.9'!C68/K$14*K$13 -> 0.17418038 | D68: ='REMIND SSP1-RCP1.9'!D68/L$14*L$13 -> 0.62041773 | E68: ='REMIND SSP1-RCP1.9'!E68/M$14*M$13 -> 0.96398256 | F68: ='REMIND SSP1-RCP1.9'!F68/N$14*N$13 -> 0.024132493 | G68: ='REMIND SSP1-RCP1.9'!G68/O$14*O$13 -> 0.14073487 | H68: ='REMIND SSP1-RCP1.9'!H68/P$14*P$13 -> 0.012019993
B69: atj | C69: ='REMIND SSP1-RCP1.9'!C69/K$14*K$13 -> 0 | D69: ='REMIND SSP1-RCP1.9'!D69/L$14*L$13 -> 0 | E69: ='REMIND SSP1-RCP1.9'!E69/M$14*M$13 -> 0 | F69: ='REMIND SSP1-RCP1.9'!F69/N$14*N$13 -> 0 | G69: ='REMIND SSP1-RCP1.9'!G69/O$14*O$13 -> 0 | H69: ='REMIND SSP1-RCP1.9'!H69/P$14*P$13 -> 0
B70: ft | C70: ='REMIND SSP1-RCP1.9'!C70/K$14*K$13 -> 0 | D70: ='REMIND SSP1-RCP1.9'!D70/L$14*L$13 -> 0 | E70: ='REMIND SSP1-RCP1.9'!E70/M$14*M$13 -> 0 | F70: ='REMIND SSP1-RCP1.9'!F70/N$14*N$13 -> 0 | G70: ='REMIND SSP1-RCP1.9'!G70/O$14*O$13 -> 0 | H70: ='REMIND SSP1-RCP1.9'!H70/P$14*P$13 -> 0
B71: hefa | C71: ='REMIND SSP1-RCP1.9'!C71/K$14*K$13 -> 0 | D71: ='REMIND SSP1-RCP1.9'!D71/L$14*L$13 -> 0 | E71: ='REMIND SSP1-RCP1.9'!E71/M$14*M$13 -> 0 | F71: ='REMIND SSP1-RCP1.9'!F71/N$14*N$13 -> 0 | G71: ='REMIND SSP1-RCP1.9'!G71/O$14*O$13 -> 0 | H71: ='REMIND SSP1-RCP1.9'!H71/P$14*P$13 -> 0
B72: lh2 | C72: ='REMIND SSP1-RCP1.9'!C72/K$14*K$13 -> 0 | D72: ='REMIND SSP1-RCP1.9'!D72/L$14*L$13 -> 0 | E72: ='REMIND SSP1-RCP1.9'!E72/M$14*M$13 -> 0 | F72: ='REMIND SSP1-RCP1.9'!F72/N$14*N$13 -> 0 | G72: ='REMIND SSP1-RCP1.9'!G72/O$14*O$13 -> 0 | H72: ='REMIND SSP1-RCP1.9'!H72/P$14*P$13 -> 0
B73: total | C73: ='REMIND SSP1-RCP1.9'!C73/K$14*K$13 -> 1.7651652 | D73: ='REMIND SSP1-RCP1.9'!D73/L$14*L$13 -> 1.4215919 | E73: ='REMIND SSP1-RCP1.9'!E73/M$14*M$13 -> 0.96432376 | F73: ='REMIND SSP1-RCP1.9'!F73/N$14*N$13 -> 0.024152935 | G73: ='REMIND SSP1-RCP1.9'!G73/O$14*O$13 -> 0.14090238 | H73: ='REMIND SSP1-RCP1.9'!H73/P$14*P$13 -> 0.012120864

Sheet REMIND SPP2-NPi (GDP)
C1: CC | D1: BI | E1: N | F1: P | G1: SOD | H1: FWU | K1: Ratios to baseline
A2: Baseline | B2: fk_historical | C2: ='REMIND SSP2-NPi'!C2/K$14*K$13 -> 1.033283 | D2: ='REMIND SSP2-NPi'!D2/L$14*L$13 -> 0.52009974 | E2: ='REMIND SSP2-NPi'!E2/M$14*M$13 -> 0 | F2: ='REMIND SSP2-NPi'!F2/N$14*N$13 -> 0 | G2: ='REMIND SSP2-NPi'!G2/O$14*O$13 -> 0 | H2: ='REMIND SSP2-NPi'!H2/P$14*P$13 -> 0 | K2: CC | L2: BI | M2: N | N2: P | O2: SOD | P2: FWU
B3: fk | C3: ='REMIND SSP2-NPi'!C3/K$14*K$13 -> 1.5919611 | D3: ='REMIND SSP2-NPi'!D3/L$14*L$13 -> 0.82076765 | E3: ='REMIND SSP2-NPi'!E3/M$14*M$13 -> 0.033967808 | F3: ='REMIND SSP2-NPi'!F3/N$14*N$13 -> 0.0019191361 | G3: ='REMIND SSP2-NPi'!G3/O$14*O$13 -> 0.0088989165 | H3: ='REMIND SSP2-NPi'!H3/P$14*P$13 -> 0.010485912 | J3: Roadmap-70 | K3: =C17/C9 -> 1.0638541 | L3: =D17/D9 -> 1.5785623 | M3: =E17/E9 -> 4.4744569 | N3: =F17/F9 -> 4.6044057 | O3: =G17/G9 -> 5.9263669 | P3: =H17/H9 -> 1.4404719
B4: efuels | C4: ='REMIND SSP2-NPi'!C4/K$14*K$13 -> 0 | D4: ='REMIND SSP2-NPi'!D4/L$14*L$13 -> 0 | E4: ='REMIND SSP2-NPi'!E4/M$14*M$13 -> 0 | F4: ='REMIND SSP2-NPi'!F4/N$14*N$13 -> 0 | G4: ='REMIND SSP2-NPi'!G4/O$14*O$13 -> 0 | H4: ='REMIND SSP2-NPi'!H4/P$14*P$13 -> 0 | J4: Roadmap-30-Bio | K4: =C25/C9 -> 1.127519 | L4: =D25/D9 -> 2.5766645 | M4: =E25/E9 -> 9.8287868 | N4: =F25/F9 -> 10.933786 | O4: =G25/G9 -> 12.808844 | P4: =H25/H9 -> 2.224641
B5: atj | C5: ='REMIND SSP2-NPi'!C5/K$14*K$13 -> 0 | D5: ='REMIND SSP2-NPi'!D5/L$14*L$13 -> 0 | E5: ='REMIND SSP2-NPi'!E5/M$14*M$13 -> 0 | F5: ='REMIND SSP2-NPi'!F5/N$14*N$13 -> 0 | G5: ='REMIND SSP2-NPi'!G5/O$14*O$13 -> 0 | H5: ='REMIND SSP2-NPi'!H5/P$14*P$13 -> 0 | J5: Roadmap-0 | K5: =C33/C9 -> 1.3616773 | L5: =D33/D9 -> 2.6458343 | M5: =E33/E9 -> 17.874847 | N5: =F33/F9 -> 16.79385 | O5: =G33/G9 -> 28.634727 | P5: =H33/H9 -> 2.1905615
B6: ft | C6: ='REMIND SSP2-NPi'!C6/K$14*K$13 -> 0 | D6: ='REMIND SSP2-NPi'!D6/L$14*L$13 -> 0 | E6: ='REMIND SSP2-NPi'!E6/M$14*M$13 -> 0 | F6: ='REMIND SSP2-NPi'!F6/N$14*N$13 -> 0 | G6: ='REMIND SSP2-NPi'!G6/O$14*O$13 -> 0 | H6: ='REMIND SSP2-NPi'!H6/P$14*P$13 -> 0 | J6: Roadmap-30-Efuel | K6: =C41/C9 -> 1.1189207 | L6: =D41/D9 -> 2.1637421 | M6: =E41/E9 -> 11.610628 | N6: =F41/F9 -> 9.0994842 | O6: =G41/G9 -> 18.706895 | P6: =H41/H9 -> 1.949646
B7: hefa | C7: ='REMIND SSP2-NPi'!C7/K$14*K$13 -> 0 | D7: ='REMIND SSP2-NPi'!D7/L$14*L$13 -> 0 | E7: ='REMIND SSP2-NPi'!E7/M$14*M$13 -> 0 | F7: ='REMIND SSP2-NPi'!F7/N$14*N$13 -> 0 | G7: ='REMIND SSP2-NPi'!G7/O$14*O$13 -> 0 | H7: ='REMIND SSP2-NPi'!H7/P$14*P$13 -> 0 | J7: Bio-Adv | K7: =C49/C9 -> 0.69107657 | L7: =D49/D9 -> 3.2769704 | M7: =E49/E9 -> 9.9838034 | N7: =F49/F9 -> 17.190673 | O7: =G49/G9 -> 7.4476489 | P7: =H49/H9 -> 3.0734051
B8: lh2 | C8: ='REMIND SSP2-NPi'!C8/K$14*K$13 -> 0 | D8: ='REMIND SSP2-NPi'!D8/L$14*L$13 -> 0 | E8: ='REMIND SSP2-NPi'!E8/M$14*M$13 -> 0 | F8: ='REMIND SSP2-NPi'!F8/N$14*N$13 -> 0 | G8: ='REMIND SSP2-NPi'!G8/O$14*O$13 -> 0 | H8: ='REMIND SSP2-NPi'!H8/P$14*P$13 -> 0 | J8: Bio-HEFA | K8: =C57/C9 -> 0.70684786 | L8: =D57/D9 -> 1.6558313 | M8: =E57/E9 -> 30.262015 | N8: =F57/F9 -> 38.253034 | O8: =G57/G9 -> 15.362476 | P8: =H57/H9 -> 6.1215716
B9: total | C9: ='REMIND SSP2-NPi'!C9/K$14*K$13 -> 2.552242 | D9: ='REMIND SSP2-NPi'!D9/L$14*L$13 -> 1.304122 | E9: ='REMIND SSP2-NPi'!E9/M$14*M$13 -> 0.033967808 | F9: ='REMIND SSP2-NPi'!F9/N$14*N$13 -> 0.0019191361 | G9: ='REMIND SSP2-NPi'!G9/O$14*O$13 -> 0.0088989165 | H9: ='REMIND SSP2-NPi'!H9/P$14*P$13 -> 0.010485912 | J9: Efuel-grid | K9: =C65/C9 -> 2.126495 | L9: =D65/D9 -> 2.490154 | M9: =E65/E9 -> 22.043114 | N9: =F65/F9 -> 7.7299813 | O9: =G65/G9 -> 44.660928 | P9: =H65/H9 -> 1.6139891
A10: Roadmap-70 | B10: fk_historical | C10: ='REMIND SSP2-NPi'!C10/K$14*K$13 -> 1.033283 | D10: ='REMIND SSP2-NPi'!D10/L$14*L$13 -> 0.52009974 | E10: ='REMIND SSP2-NPi'!E10/M$14*M$13 -> 0 | F10: ='REMIND SSP2-NPi'!F10/N$14*N$13 -> 0 | G10: ='REMIND SSP2-NPi'!G10/O$14*O$13 -> 0 | H10: ='REMIND SSP2-NPi'!H10/P$14*P$13 -> 0 | J10: Efuel-RES | K10: =C73/C9 -> 0.69146173 | L10: =D73/D9 -> 1.0552596 | M10: =E73/E9 -> 21.316573 | N10: =F73/F9 -> 12.371853 | O10: =G73/G9 -> 13.637827 | P10: =H73/H9 -> 1.1418397
B11: fk | C11: ='REMIND SSP2-NPi'!C11/K$14*K$13 -> 1.3947229 | D11: ='REMIND SSP2-NPi'!D11/L$14*L$13 -> 0.71623835 | E11: ='REMIND SSP2-NPi'!E11/M$14*M$13 -> 0.024803273 | F11: ='REMIND SSP2-NPi'!F11/N$14*N$13 -> 0.0014013521 | G11: ='REMIND SSP2-NPi'!G11/O$14*O$13 -> 0.0064979834 | H11: ='REMIND SSP2-NPi'!H11/P$14*P$13 -> 0.007656807
B12: efuels | C12: ='REMIND SSP2-NPi'!C12/K$14*K$13 -> 0.3403103 | D12: ='REMIND SSP2-NPi'!D12/L$14*L$13 -> 0.215203 | E12: ='REMIND SSP2-NPi'!E12/M$14*M$13 -> 0.063755639 | F12: ='REMIND SSP2-NPi'!F12/N$14*N$13 -> 0.0012621591 | G12: ='REMIND SSP2-NPi'!G12/O$14*O$13 -> 0.033848406 | H12: ='REMIND SSP2-NPi'!H12/P$14*P$13 -> 0.0014331734 | J12: shares | K12: CC | L12: BI | M12: N | N12: P | O12: SOD | P12: FWU
B13: atj | C13: ='REMIND SSP2-NPi'!C13/K$14*K$13 -> 0.087160298 | D13: ='REMIND SSP2-NPi'!D13/L$14*L$13 -> 0.2515358 | E13: ='REMIND SSP2-NPi'!E13/M$14*M$13 -> 0.013453944 | F13: ='REMIND SSP2-NPi'!F13/N$14*N$13 -> 0.0013259834 | G13: ='REMIND SSP2-NPi'!G13/O$14*O$13 -> 0.0050868851 | H13: ='REMIND SSP2-NPi'!H13/P$14*P$13 -> 0.0018928444 | J13: FHN | K13: 0.9 | L13: 0.012 | M13: 0.02 | N13: 0.002 | O13: 2.2 | P13: 0.4
B14: ft | C14: ='REMIND SSP2-NPi'!C14/K$14*K$13 -> -0.071351568 | D14: ='REMIND SSP2-NPi'!D14/L$14*L$13 -> 0.38780633 | E14: ='REMIND SSP2-NPi'!E14/M$14*M$13 -> 0.010566541 | F14: ='REMIND SSP2-NPi'!F14/N$14*N$13 -> 0.0021667695 | G14: ='REMIND SSP2-NPi'!G14/O$14*O$13 -> 0.0023894227 | H14: ='REMIND SSP2-NPi'!H14/P$14*P$13 -> 0.0018324676 | J14: GDP | K14: 2.9 | L14: 2.9 | M14: 2.9 | N14: 2.9 | O14: 2.9 | P14: 2.9
B15: hefa | C15: ='REMIND SSP2-NPi'!C15/K$14*K$13 -> 0.0040903955 | D15: ='REMIND SSP2-NPi'!D15/L$14*L$13 -> 0.0044999973 | E15: ='REMIND SSP2-NPi'!E15/M$14*M$13 -> 0.039408093 | F15: ='REMIND SSP2-NPi'!F15/N$14*N$13 -> 0.0026802174 | G15: ='REMIND SSP2-NPi'!G15/O$14*O$13 -> 0.004915547 | H15: ='REMIND SSP2-NPi'!H15/P$14*P$13 -> 0.00228937
B16: lh2 | C16: ='REMIND SSP2-NPi'!C16/K$14*K$13 -> 0 | D16: ='REMIND SSP2-NPi'!D16/L$14*L$13 -> 0 | E16: ='REMIND SSP2-NPi'!E16/M$14*M$13 -> 0 | F16: ='REMIND SSP2-NPi'!F16/N$14*N$13 -> 0 | G16: ='REMIND SSP2-NPi'!G16/O$14*O$13 -> 0 | H16: ='REMIND SSP2-NPi'!H16/P$14*P$13 -> 0
B17: total | C17: ='REMIND SSP2-NPi'!C17/K$14*K$13 -> 2.7152132 | D17: ='REMIND SSP2-NPi'!D17/L$14*L$13 -> 2.0586378 | E17: ='REMIND SSP2-NPi'!E17/M$14*M$13 -> 0.15198749 | F17: ='REMIND SSP2-NPi'!F17/N$14*N$13 -> 0.0088364814 | G17: ='REMIND SSP2-NPi'!G17/O$14*O$13 -> 0.052738244 | H17: ='REMIND SSP2-NPi'!H17/P$14*P$13 -> 0.015104662
A18: Roadmap-30-Bio | B18: fk_historical | C18: ='REMIND SSP2-NPi'!C18/K$14*K$13 -> 1.033283 | D18: ='REMIND SSP2-NPi'!D18/L$14*L$13 -> 0.52009974 | E18: ='REMIND SSP2-NPi'!E18/M$14*M$13 -> 0 | F18: ='REMIND SSP2-NPi'!F18/N$14*N$13 -> 0 | G18: ='REMIND SSP2-NPi'!G18/O$14*O$13 -> 0 | H18: ='REMIND SSP2-NPi'!H18/P$14*P$13 -> 0
B19: fk | C19: ='REMIND SSP2-NPi'!C19/K$14*K$13 -> 0.96728842 | D19: ='REMIND SSP2-NPi'!D19/L$14*L$13 -> 0.49235733 | E19: ='REMIND SSP2-NPi'!E19/M$14*M$13 -> 0.0095585087 | F19: ='REMIND SSP2-NPi'!F19/N$14*N$13 -> 0.00054004308 | G19: ='REMIND SSP2-NPi'!G19/O$14*O$13 -> 0.0025041466 | H19: ='REMIND SSP2-NPi'!H19/P$14*P$13 -> 0.0029507258
B20: efuels | C20: ='REMIND SSP2-NPi'!C20/K$14*K$13 -> 0.87456689 | D20: ='REMIND SSP2-NPi'!D20/L$14*L$13 -> 0.53898274 | E20: ='REMIND SSP2-NPi'!E20/M$14*M$13 -> 0.1434172 | F20: ='REMIND SSP2-NPi'!F20/N$14*N$13 -> 0.0028392049 | G20: ='REMIND SSP2-NPi'!G20/O$14*O$13 -> 0.076141399 | H20: ='REMIND SSP2-NPi'!H20/P$14*P$13 -> 0.0032238986
B21: atj | C21: ='REMIND SSP2-NPi'!C21/K$14*K$13 -> 0.32511948 | D21: ='REMIND SSP2-NPi'!D21/L$14*L$13 -> 0.75586721 | E21: ='REMIND SSP2-NPi'!E21/M$14*M$13 -> 0.038368172 | F21: ='REMIND SSP2-NPi'!F21/N$14*N$13 -> 0.0037814605 | G21: ='REMIND SSP2-NPi'!G21/O$14*O$13 -> 0.01450686 | H21: ='REMIND SSP2-NPi'!H21/P$14*P$13 -> 0.0053980439
B22: ft | C22: ='REMIND SSP2-NPi'!C22/K$14*K$13 -> -0.26489299 | D22: ='REMIND SSP2-NPi'!D22/L$14*L$13 -> 1.075041 | E22: ='REMIND SSP2-NPi'!E22/M$14*M$13 -> 0.030133831 | F22: ='REMIND SSP2-NPi'!F22/N$14*N$13 -> 0.0061792278 | G22: ='REMIND SSP2-NPi'!G22/O$14*O$13 -> 0.0068141938 | H22: ='REMIND SSP2-NPi'!H22/P$14*P$13 -> 0.0052258603
B23: hefa | C23: ='REMIND SSP2-NPi'!C23/K$14*K$13 -> 0.015338595 | D23: ='REMIND SSP2-NPi'!D23/L$14*L$13 -> 0.014682229 | E23: ='REMIND SSP2-NPi'!E23/M$14*M$13 -> 0.11238463 | F23: ='REMIND SSP2-NPi'!F23/N$14*N$13 -> 0.0076434867 | G23: ='REMIND SSP2-NPi'!G23/O$14*O$13 -> 0.014018235 | H23: ='REMIND SSP2-NPi'!H23/P$14*P$13 -> 0.0065288618
B24: lh2 | C24: ='REMIND SSP2-NPi'!C24/K$14*K$13 -> 0 | D24: ='REMIND SSP2-NPi'!D24/L$14*L$13 -> 0 | E24: ='REMIND SSP2-NPi'!E24/M$14*M$13 -> 0 | F24: ='REMIND SSP2-NPi'!F24/N$14*N$13 -> 0 | G24: ='REMIND SSP2-NPi'!G24/O$14*O$13 -> 0 | H24: ='REMIND SSP2-NPi'!H24/P$14*P$13 -> 0
B25: total | C25: ='REMIND SSP2-NPi'!C25/K$14*K$13 -> 2.8777013 | D25: ='REMIND SSP2-NPi'!D25/L$14*L$13 -> 3.3602849 | E25: ='REMIND SSP2-NPi'!E25/M$14*M$13 -> 0.33386234 | F25: ='REMIND SSP2-NPi'!F25/N$14*N$13 -> 0.020983423 | G25: ='REMIND SSP2-NPi'!G25/O$14*O$13 -> 0.11398483 | H25: ='REMIND SSP2-NPi'!H25/P$14*P$13 -> 0.02332739
A26: Roadmap-0 | B26: fk_historical | C26: ='REMIND SSP2-NPi'!C26/K$14*K$13 -> 1.033283 | D26: ='REMIND SSP2-NPi'!D26/L$14*L$13 -> 0.52009974 | E26: ='REMIND SSP2-NPi'!E26/M$14*M$13 -> 0 | F26: ='REMIND SSP2-NPi'!F26/N$14*N$13 -> 0 | G26: ='REMIND SSP2-NPi'!G26/O$14*O$13 -> 0 | H26: ='REMIND SSP2-NPi'!H26/P$14*P$13 -> 0
B27: fk | C27: ='REMIND SSP2-NPi'!C27/K$14*K$13 -> 0.55440039 | D27: ='REMIND SSP2-NPi'!D27/L$14*L$13 -> 0.27905569 | E27: ='REMIND SSP2-NPi'!E27/M$14*M$13 -> 0 | F27: ='REMIND SSP2-NPi'!F27/N$14*N$13 -> 0 | G27: ='REMIND SSP2-NPi'!G27/O$14*O$13 -> 0 | H27: ='REMIND SSP2-NPi'!H27/P$14*P$13 -> 0
B28: efuels | C28: ='REMIND SSP2-NPi'!C28/K$14*K$13 -> 1.8443881 | D28: ='REMIND SSP2-NPi'!D28/L$14*L$13 -> 1.2154525 | E28: ='REMIND SSP2-NPi'!E28/M$14*M$13 -> 0.41684785 | F28: ='REMIND SSP2-NPi'!F28/N$14*N$13 -> 0.0082522632 | G28: ='REMIND SSP2-NPi'!G28/O$14*O$13 -> 0.22130803 | H28: ='REMIND SSP2-NPi'!H28/P$14*P$13 -> 0.0093703908
B29: atj | C29: ='REMIND SSP2-NPi'!C29/K$14*K$13 -> 0.4386094 | D29: ='REMIND SSP2-NPi'!D29/L$14*L$13 -> 0.67992064 | E29: ='REMIND SSP2-NPi'!E29/M$14*M$13 -> 0.029746865 | F29: ='REMIND SSP2-NPi'!F29/N$14*N$13 -> 0.0029317683 | G29: ='REMIND SSP2-NPi'!G29/O$14*O$13 -> 0.011247176 | H29: ='REMIND SSP2-NPi'!H29/P$14*P$13 -> 0.0041851063
B30: ft | C30: ='REMIND SSP2-NPi'!C30/K$14*K$13 -> -0.35363318 | D30: ='REMIND SSP2-NPi'!D30/L$14*L$13 -> 0.75885293 | E30: ='REMIND SSP2-NPi'!E30/M$14*M$13 -> 0.023362775 | F30: ='REMIND SSP2-NPi'!F30/N$14*N$13 -> 0.0047907587 | G30: ='REMIND SSP2-NPi'!G30/O$14*O$13 -> 0.0052830481 | H30: ='REMIND SSP2-NPi'!H30/P$14*P$13 -> 0.0040516123
B31: hefa | C31: ='REMIND SSP2-NPi'!C31/K$14*K$13 -> 0.020875359 | D31: ='REMIND SSP2-NPi'!D31/L$14*L$13 -> 0.015904875 | E31: ='REMIND SSP2-NPi'!E31/M$14*M$13 -> 0.087131864 | F31: ='REMIND SSP2-NPi'!F31/N$14*N$13 -> 0.0059259994 | G31: ='REMIND SSP2-NPi'!G31/O$14*O$13 -> 0.010868345 | H31: ='REMIND SSP2-NPi'!H31/P$14*P$13 -> 0.0050618301
B32: lh2 | C32: ='REMIND SSP2-NPi'!C32/K$14*K$13 -> 0.010409057 | D32: ='REMIND SSP2-NPi'!D32/L$14*L$13 -> 0.017949769 | E32: ='REMIND SSP2-NPi'!E32/M$14*M$13 -> 0.05008 | F32: ='REMIND SSP2-NPi'!F32/N$14*N$13 -> 0.010328894 | G32: ='REMIND SSP2-NPi'!G32/O$14*O$13 -> 0.0061114417 | H32: ='REMIND SSP2-NPi'!H32/P$14*P$13 -> 0.00030109651
B33: total | C33: ='REMIND SSP2-NPi'!C33/K$14*K$13 -> 3.47533 | D33: ='REMIND SSP2-NPi'!D33/L$14*L$13 -> 3.4504907 | E33: ='REMIND SSP2-NPi'!E33/M$14*M$13 -> 0.60716935 | F33: ='REMIND SSP2-NPi'!F33/N$14*N$13 -> 0.032229684 | G33: ='REMIND SSP2-NPi'!G33/O$14*O$13 -> 0.25481805 | H33: ='REMIND SSP2-NPi'!H33/P$14*P$13 -> 0.022970036
A34: Roadmap-30-Efuel | B34: fk_historical | C34: ='REMIND SSP2-NPi'!C34/K$14*K$13 -> 1.033283 | D34: ='REMIND SSP2-NPi'!D34/L$14*L$13 -> 0.52009974 | E34: ='REMIND SSP2-NPi'!E34/M$14*M$13 -> 0 | F34: ='REMIND SSP2-NPi'!F34/N$14*N$13 -> 0 | G34: ='REMIND SSP2-NPi'!G34/O$14*O$13 -> 0 | H34: ='REMIND SSP2-NPi'!H34/P$14*P$13 -> 0
B35: fk | C35: ='REMIND SSP2-NPi'!C35/K$14*K$13 -> 1.078299 | D35: ='REMIND SSP2-NPi'!D35/L$14*L$13 -> 0.54859612 | E35: ='REMIND SSP2-NPi'!E35/M$14*M$13 -> 0.010190342 | F35: ='REMIND SSP2-NPi'!F35/N$14*N$13 -> 0.00057574084 | G35: ='REMIND SSP2-NPi'!G35/O$14*O$13 -> 0.0026696749 | H35: ='REMIND SSP2-NPi'!H35/P$14*P$13 -> 0.0031457737
B36: efuels | C36: ='REMIND SSP2-NPi'!C36/K$14*K$13 -> 0.75851708 | D36: ='REMIND SSP2-NPi'!D36/L$14*L$13 -> 0.5639419 | E36: ='REMIND SSP2-NPi'!E36/M$14*M$13 -> 0.26447392 | F36: ='REMIND SSP2-NPi'!F36/N$14*N$13 -> 0.0052357434 | G36: ='REMIND SSP2-NPi'!G36/O$14*O$13 -> 0.14041143 | H36: ='REMIND SSP2-NPi'!H36/P$14*P$13 -> 0.0059451523
B37: atj | C37: ='REMIND SSP2-NPi'!C37/K$14*K$13 -> 0.24608773 | D37: ='REMIND SSP2-NPi'!D37/L$14*L$13 -> 0.51583935 | E37: ='REMIND SSP2-NPi'!E37/M$14*M$13 -> 0.025394719 | F37: ='REMIND SSP2-NPi'!F37/N$14*N$13 -> 0.002502833 | G37: ='REMIND SSP2-NPi'!G37/O$14*O$13 -> 0.0096016468 | H37: ='REMIND SSP2-NPi'!H37/P$14*P$13 -> 0.0035728001
B38: ft | C38: ='REMIND SSP2-NPi'!C38/K$14*K$13 -> -0.19909696 | D38: ='REMIND SSP2-NPi'!D38/L$14*L$13 -> 0.699571 | E38: ='REMIND SSP2-NPi'!E38/M$14*M$13 -> 0.019944661 | F38: ='REMIND SSP2-NPi'!F38/N$14*N$13 -> 0.0040898418 | G38: ='REMIND SSP2-NPi'!G38/O$14*O$13 -> 0.0045101064 | H38: ='REMIND SSP2-NPi'!H38/P$14*P$13 -> 0.003458837
B39: hefa | C39: ='REMIND SSP2-NPi'!C39/K$14*K$13 -> 0.011668584 | D39: ='REMIND SSP2-NPi'!D39/L$14*L$13 -> 0.010481012 | E39: ='REMIND SSP2-NPi'!E39/M$14*M$13 -> 0.074383947 | F39: ='REMIND SSP2-NPi'!F39/N$14*N$13 -> 0.00505899 | G39: ='REMIND SSP2-NPi'!G39/O$14*O$13 -> 0.0092782411 | H39: ='REMIND SSP2-NPi'!H39/P$14*P$13 -> 0.0043212539
B40: lh2 | C40: ='REMIND SSP2-NPi'!C40/K$14*K$13 -> 0 | D40: ='REMIND SSP2-NPi'!D40/L$14*L$13 -> 0 | E40: ='REMIND SSP2-NPi'!E40/M$14*M$13 -> 0 | F40: ='REMIND SSP2-NPi'!F40/N$14*N$13 -> 0 | G40: ='REMIND SSP2-NPi'!G40/O$14*O$13 -> 0 | H40: ='REMIND SSP2-NPi'!H40/P$14*P$13 -> 0
B41: total | C41: ='REMIND SSP2-NPi'!C41/K$14*K$13 -> 2.8557563 | D41: ='REMIND SSP2-NPi'!D41/L$14*L$13 -> 2.8217837 | E41: ='REMIND SSP2-NPi'!E41/M$14*M$13 -> 0.39438759 | F41: ='REMIND SSP2-NPi'!F41/N$14*N$13 -> 0.017463149 | G41: ='REMIND SSP2-NPi'!G41/O$14*O$13 -> 0.1664711 | H41: ='REMIND SSP2-NPi'!H41/P$14*P$13 -> 0.020443817
A42: Bio-Adv | B42: fk_historical | C42: ='REMIND SSP2-NPi'!C42/K$14*K$13 -> 1.033283 | D42: ='REMIND SSP2-NPi'!D42/L$14*L$13 -> 0.52009974 | E42: ='REMIND SSP2-NPi'!E42/M$14*M$13 -> 0 | F42: ='REMIND SSP2-NPi'!F42/N$14*N$13 -> 0 | G42: ='REMIND SSP2-NPi'!G42/O$14*O$13 -> 0 | H42: ='REMIND SSP2-NPi'!H42/P$14*P$13 -> 0
B43: fk | C43: ='REMIND SSP2-NPi'!C43/K$14*K$13 -> 0.6334347 | D43: ='REMIND SSP2-NPi'!D43/L$14*L$13 -> 0.31902297 | E43: ='REMIND SSP2-NPi'!E43/M$14*M$13 -> 0.00032399475 | F43: ='REMIND SSP2-NPi'!F43/N$14*N$13 -> 1.8305274e-05 | G43: ='REMIND SSP2-NPi'!G43/O$14*O$13 -> 8.4880433e-05 | H43: ='REMIND SSP2-NPi'!H43/P$14*P$13 -> 0.00010001766
B44: efuels | C44: ='REMIND SSP2-NPi'!C44/K$14*K$13 -> 0 | D44: ='REMIND SSP2-NPi'!D44/L$14*L$13 -> 0 | E44: ='REMIND SSP2-NPi'!E44/M$14*M$13 -> 0 | F44: ='REMIND SSP2-NPi'!F44/N$14*N$13 -> 0 | G44: ='REMIND SSP2-NPi'!G44/O$14*O$13 -> 0 | H44: ='REMIND SSP2-NPi'!H44/P$14*P$13 -> 0
B45: atj | C45: ='REMIND SSP2-NPi'!C45/K$14*K$13 -> 0.74023667 | D45: ='REMIND SSP2-NPi'!D45/L$14*L$13 -> 1.4818333 | E45: ='REMIND SSP2-NPi'!E45/M$14*M$13 -> 0.071864277 | F45: ='REMIND SSP2-NPi'!F45/N$14*N$13 -> 0.0070827435 | G45: ='REMIND SSP2-NPi'!G45/O$14*O$13 -> 0.02717161 | H45: ='REMIND SSP2-NPi'!H45/P$14*P$13 -> 0.010110633
B46: ft | C46: ='REMIND SSP2-NPi'!C46/K$14*K$13 -> -0.60511383 | D46: ='REMIND SSP2-NPi'!D46/L$14*L$13 -> 1.9587243 | E46: ='REMIND SSP2-NPi'!E46/M$14*M$13 -> 0.056441208 | F46: ='REMIND SSP2-NPi'!F46/N$14*N$13 -> 0.011573805 | G46: ='REMIND SSP2-NPi'!G46/O$14*O$13 -> 0.012763108 | H46: ='REMIND SSP2-NPi'!H46/P$14*P$13 -> 0.0097881304
B47: hefa | C47: ='REMIND SSP2-NPi'!C47/K$14*K$13 -> 0.034956226 | D47: ='REMIND SSP2-NPi'!D47/L$14*L$13 -> 0.0306343 | E47: ='REMIND SSP2-NPi'!E47/M$14*M$13 -> 0.21049843 | F47: ='REMIND SSP2-NPi'!F47/N$14*N$13 -> 0.014316388 | G47: ='REMIND SSP2-NPi'!G47/O$14*O$13 -> 0.026256407 | H47: ='REMIND SSP2-NPi'!H47/P$14*P$13 -> 0.012228676
B48: lh2 | C48: ='REMIND SSP2-NPi'!C48/K$14*K$13 -> 0 | D48: ='REMIND SSP2-NPi'!D48/L$14*L$13 -> 0 | E48: ='REMIND SSP2-NPi'!E48/M$14*M$13 -> 0 | F48: ='REMIND SSP2-NPi'!F48/N$14*N$13 -> 0 | G48: ='REMIND SSP2-NPi'!G48/O$14*O$13 -> 0 | H48: ='REMIND SSP2-NPi'!H48/P$14*P$13 -> 0
B49: total | C49: ='REMIND SSP2-NPi'!C49/K$14*K$13 -> 1.7637947 | D49: ='REMIND SSP2-NPi'!D49/L$14*L$13 -> 4.2735692 | E49: ='REMIND SSP2-NPi'!E49/M$14*M$13 -> 0.33912791 | F49: ='REMIND SSP2-NPi'!F49/N$14*N$13 -> 0.032991242 | G49: ='REMIND SSP2-NPi'!G49/O$14*O$13 -> 0.066276005 | H49: ='REMIND SSP2-NPi'!H49/P$14*P$13 -> 0.032227457
A50: Bio-HEFA | B50: fk_historical | C50: ='REMIND SSP2-NPi'!C50/K$14*K$13 -> 1.033283 | D50: ='REMIND SSP2-NPi'!D50/L$14*L$13 -> 0.52009974 | E50: ='REMIND SSP2-NPi'!E50/M$14*M$13 -> 0 | F50: ='REMIND SSP2-NPi'!F50/N$14*N$13 -> 0 | G50: ='REMIND SSP2-NPi'!G50/O$14*O$13 -> 0 | H50: ='REMIND SSP2-NPi'!H50/P$14*P$13 -> 0
B51: fk | C51: ='REMIND SSP2-NPi'!C51/K$14*K$13 -> 0.6334347 | D51: ='REMIND SSP2-NPi'!D51/L$14*L$13 -> 0.31902297 | E51: ='REMIND SSP2-NPi'!E51/M$14*M$13 -> 0.00032399475 | F51: ='REMIND SSP2-NPi'!F51/N$14*N$13 -> 1.8305274e-05 | G51: ='REMIND SSP2-NPi'!G51/O$14*O$13 -> 8.4880433e-05 | H51: ='REMIND SSP2-NPi'!H51/P$14*P$13 -> 0.00010001766
B52: efuels | C52: ='REMIND SSP2-NPi'!C52/K$14*K$13 -> 0 | D52: ='REMIND SSP2-NPi'!D52/L$14*L$13 -> 0 | E52: ='REMIND SSP2-NPi'!E52/M$14*M$13 -> 0 | F52: ='REMIND SSP2-NPi'!F52/N$14*N$13 -> 0 | G52: ='REMIND SSP2-NPi'!G52/O$14*O$13 -> 0 | H52: ='REMIND SSP2-NPi'!H52/P$14*P$13 -> 0
B53: atj | C53: ='REMIND SSP2-NPi'!C53/K$14*K$13 -> 0.26160328 | D53: ='REMIND SSP2-NPi'!D53/L$14*L$13 -> 0.52317277 | E53: ='REMIND SSP2-NPi'!E53/M$14*M$13 -> 0.025363862 | F53: ='REMIND SSP2-NPi'!F53/N$14*N$13 -> 0.0024997918 | G53: ='REMIND SSP2-NPi'!G53/O$14*O$13 -> 0.00958998 | H53: ='REMIND SSP2-NPi'!H53/P$14*P$13 -> 0.0035684588
B54: ft | C54: ='REMIND SSP2-NPi'!C54/K$14*K$13 -> -0.21285787 | D54: ='REMIND SSP2-NPi'!D54/L$14*L$13 -> 0.69167269 | E54: ='REMIND SSP2-NPi'!E54/M$14*M$13 -> 0.019920426 | F54: ='REMIND SSP2-NPi'!F54/N$14*N$13 -> 0.0040848724 | G54: ='REMIND SSP2-NPi'!G54/O$14*O$13 -> 0.0045046262 | H54: ='REMIND SSP2-NPi'!H54/P$14*P$13 -> 0.0034546343
B55: hefa | C55: ='REMIND SSP2-NPi'!C55/K$14*K$13 -> 0.16158581 | D55: ='REMIND SSP2-NPi'!D55/L$14*L$13 -> 0.14218328 | E55: ='REMIND SSP2-NPi'!E55/M$14*M$13 -> 0.98232602 | F55: ='REMIND SSP2-NPi'!F55/N$14*N$13 -> 0.066809812 | G55: ='REMIND SSP2-NPi'!G55/O$14*O$13 -> 0.1225299 | H55: ='REMIND SSP2-NPi'!H55/P$14*P$13 -> 0.057067154
B56: lh2 | C56: ='REMIND SSP2-NPi'!C56/K$14*K$13 -> 0 | D56: ='REMIND SSP2-NPi'!D56/L$14*L$13 -> 0 | E56: ='REMIND SSP2-NPi'!E56/M$14*M$13 -> 0 | F56: ='REMIND SSP2-NPi'!F56/N$14*N$13 -> 0 | G56: ='REMIND SSP2-NPi'!G56/O$14*O$13 -> 0 | H56: ='REMIND SSP2-NPi'!H56/P$14*P$13 -> 0
B57: total | C57: ='REMIND SSP2-NPi'!C57/K$14*K$13 -> 1.8040468 | D57: ='REMIND SSP2-NPi'!D57/L$14*L$13 -> 2.1594061 | E57: ='REMIND SSP2-NPi'!E57/M$14*M$13 -> 1.0279343 | F57: ='REMIND SSP2-NPi'!F57/N$14*N$13 -> 0.073412781 | G57: ='REMIND SSP2-NPi'!G57/O$14*O$13 -> 0.13670939 | H57: ='REMIND SSP2-NPi'!H57/P$14*P$13 -> 0.064190264
A58: Efuel-grid | B58: fk_historical | C58: ='REMIND SSP2-NPi'!C58/K$14*K$13 -> 1.033283 | D58: ='REMIND SSP2-NPi'!D58/L$14*L$13 -> 0.52009974 | E58: ='REMIND SSP2-NPi'!E58/M$14*M$13 -> 0 | F58: ='REMIND SSP2-NPi'!F58/N$14*N$13 -> 0 | G58: ='REMIND SSP2-NPi'!G58/O$14*O$13 -> 0 | H58: ='REMIND SSP2-NPi'!H58/P$14*P$13 -> 0
B59: fk | C59: ='REMIND SSP2-NPi'!C59/K$14*K$13 -> 0.6334347 | D59: ='REMIND SSP2-NPi'!D59/L$14*L$13 -> 0.31902297 | E59: ='REMIND SSP2-NPi'!E59/M$14*M$13 -> 0.00032399475 | F59: ='REMIND SSP2-NPi'!F59/N$14*N$13 -> 1.8305274e-05 | G59: ='REMIND SSP2-NPi'!G59/O$14*O$13 -> 8.4880433e-05 | H59: ='REMIND SSP2-NPi'!H59/P$14*P$13 -> 0.00010001766
B60: efuels | C60: ='REMIND SSP2-NPi'!C60/K$14*K$13 -> 3.8336142 | D60: ='REMIND SSP2-NPi'!D60/L$14*L$13 -> 2.4450873 | E60: ='REMIND SSP2-NPi'!E60/M$14*M$13 -> 0.74843226 | F60: ='REMIND SSP2-NPi'!F60/N$14*N$13 -> 0.014816581 | G60: ='REMIND SSP2-NPi'!G60/O$14*O$13 -> 0.39734899 | H60: ='REMIND SSP2-NPi'!H60/P$14*P$13 -> 0.016824131
B61: atj | C61: ='REMIND SSP2-NPi'!C61/K$14*K$13 -> 0 | D61: ='REMIND SSP2-NPi'!D61/L$14*L$13 -> 0 | E61: ='REMIND SSP2-NPi'!E61/M$14*M$13 -> 0 | F61: ='REMIND SSP2-NPi'!F61/N$14*N$13 -> 0 | G61: ='REMIND SSP2-NPi'!G61/O$14*O$13 -> 0 | H61: ='REMIND SSP2-NPi'!H61/P$14*P$13 -> 0
B62: ft | C62: ='REMIND SSP2-NPi'!C62/K$14*K$13 -> 0 | D62: ='REMIND SSP2-NPi'!D62/L$14*L$13 -> 0 | E62: ='REMIND SSP2-NPi'!E62/M$14*M$13 -> 0 | F62: ='REMIND SSP2-NPi'!F62/N$14*N$13 -> 0 | G62: ='REMIND SSP2-NPi'!G62/O$14*O$13 -> 0 | H62: ='REMIND SSP2-NPi'!H62/P$14*P$13 -> 0
B63: hefa | C63: ='REMIND SSP2-NPi'!C63/K$14*K$13 -> 0 | D63: ='REMIND SSP2-NPi'!D63/L$14*L$13 -> 0 | E63: ='REMIND SSP2-NPi'!E63/M$14*M$13 -> 0 | F63: ='REMIND SSP2-NPi'!F63/N$14*N$13 -> 0 | G63: ='REMIND SSP2-NPi'!G63/O$14*O$13 -> 0 | H63: ='REMIND SSP2-NPi'!H63/P$14*P$13 -> 0
B64: lh2 | C64: ='REMIND SSP2-NPi'!C64/K$14*K$13 -> 0 | D64: ='REMIND SSP2-NPi'!D64/L$14*L$13 -> 0 | E64: ='REMIND SSP2-NPi'!E64/M$14*M$13 -> 0 | F64: ='REMIND SSP2-NPi'!F64/N$14*N$13 -> 0 | G64: ='REMIND SSP2-NPi'!G64/O$14*O$13 -> 0 | H64: ='REMIND SSP2-NPi'!H64/P$14*P$13 -> 0
B65: total | C65: ='REMIND SSP2-NPi'!C65/K$14*K$13 -> 5.4273298 | D65: ='REMIND SSP2-NPi'!D65/L$14*L$13 -> 3.2474646 | E65: ='REMIND SSP2-NPi'!E65/M$14*M$13 -> 0.74875625 | F65: ='REMIND SSP2-NPi'!F65/N$14*N$13 -> 0.014834886 | G65: ='REMIND SSP2-NPi'!G65/O$14*O$13 -> 0.39743387 | H65: ='REMIND SSP2-NPi'!H65/P$14*P$13 -> 0.016924148
A66: Efuel-RES | B66: fk_historical | C66: ='REMIND SSP2-NPi'!C66/K$14*K$13 -> 1.033283 | D66: ='REMIND SSP2-NPi'!D66/L$14*L$13 -> 0.52009974 | E66: ='REMIND SSP2-NPi'!E66/M$14*M$13 -> 0 | F66: ='REMIND SSP2-NPi'!F66/N$14*N$13 -> 0 | G66: ='REMIND SSP2-NPi'!G66/O$14*O$13 -> 0 | H66: ='REMIND SSP2-NPi'!H66/P$14*P$13 -> 0
B67: fk | C67: ='REMIND SSP2-NPi'!C67/K$14*K$13 -> 0.6334347 | D67: ='REMIND SSP2-NPi'!D67/L$14*L$13 -> 0.31902297 | E67: ='REMIND SSP2-NPi'!E67/M$14*M$13 -> 0.00032399475 | F67: ='REMIND SSP2-NPi'!F67/N$14*N$13 -> 1.8305274e-05 | G67: ='REMIND SSP2-NPi'!G67/O$14*O$13 -> 8.4880433e-05 | H67: ='REMIND SSP2-NPi'!H67/P$14*P$13 -> 0.00010001766
B68: efuels | C68: ='REMIND SSP2-NPi'!C68/K$14*K$13 -> 0.17106209 | D68: ='REMIND SSP2-NPi'!D68/L$14*L$13 -> 0.57380997 | E68: ='REMIND SSP2-NPi'!E68/M$14*M$13 -> 0.72375327 | F68: ='REMIND SSP2-NPi'!F68/N$14*N$13 -> 0.023724964 | G68: ='REMIND SSP2-NPi'!G68/O$14*O$13 -> 0.121277 | H68: ='REMIND SSP2-NPi'!H68/P$14*P$13 -> 0.011873213
B69: atj | C69: ='REMIND SSP2-NPi'!C69/K$14*K$13 -> 0 | D69: ='REMIND SSP2-NPi'!D69/L$14*L$13 -> 0 | E69: ='REMIND SSP2-NPi'!E69/M$14*M$13 -> 0 | F69: ='REMIND SSP2-NPi'!F69/N$14*N$13 -> 0 | G69: ='REMIND SSP2-NPi'!G69/O$14*O$13 -> 0 | H69: ='REMIND SSP2-NPi'!H69/P$14*P$13 -> 0
B70: ft | C70: ='REMIND SSP2-NPi'!C70/K$14*K$13 -> 0 | D70: ='REMIND SSP2-NPi'!D70/L$14*L$13 -> 0 | E70: ='REMIND SSP2-NPi'!E70/M$14*M$13 -> 0 | F70: ='REMIND SSP2-NPi'!F70/N$14*N$13 -> 0 | G70: ='REMIND SSP2-NPi'!G70/O$14*O$13 -> 0 | H70: ='REMIND SSP2-NPi'!H70/P$14*P$13 -> 0
B71: hefa | C71: ='REMIND SSP2-NPi'!C71/K$14*K$13 -> 0 | D71: ='REMIND SSP2-NPi'!D71/L$14*L$13 -> 0 | E71: ='REMIND SSP2-NPi'!E71/M$14*M$13 -> 0 | F71: ='REMIND SSP2-NPi'!F71/N$14*N$13 -> 0 | G71: ='REMIND SSP2-NPi'!G71/O$14*O$13 -> 0 | H71: ='REMIND SSP2-NPi'!H71/P$14*P$13 -> 0
B72: lh2 | C72: ='REMIND SSP2-NPi'!C72/K$14*K$13 -> 0 | D72: ='REMIND SSP2-NPi'!D72/L$14*L$13 -> 0 | E72: ='REMIND SSP2-NPi'!E72/M$14*M$13 -> 0 | F72: ='REMIND SSP2-NPi'!F72/N$14*N$13 -> 0 | G72: ='REMIND SSP2-NPi'!G72/O$14*O$13 -> 0 | H72: ='REMIND SSP2-NPi'!H72/P$14*P$13 -> 0
B73: total | C73: ='REMIND SSP2-NPi'!C73/K$14*K$13 -> 1.7647777 | D73: ='REMIND SSP2-NPi'!D73/L$14*L$13 -> 1.3761873 | E73: ='REMIND SSP2-NPi'!E73/M$14*M$13 -> 0.72407727 | F73: ='REMIND SSP2-NPi'!F73/N$14*N$13 -> 0.023743269 | G73: ='REMIND SSP2-NPi'!G73/O$14*O$13 -> 0.12136188 | H73: ='REMIND SSP2-NPi'!H73/P$14*P$13 -> 0.011973231

Sheet IMAGE SSP2-RCP2.6 (GDP)
C1: CC | D1: BI | E1: N | F1: P | G1: SOD | H1: FWU | K1: Ratios to baseline
A2: Baseline | B2: fk_historical | C2: ='IMAGE SSP2-RCP2.6'!C2/K$14*K$13 -> 1.033283 | D2: ='IMAGE SSP2-RCP2.6'!D2/L$14*L$13 -> 0.52009974 | E2: ='IMAGE SSP2-RCP2.6'!E2/M$14*M$13 -> 0 | F2: ='IMAGE SSP2-RCP2.6'!F2/N$14*N$13 -> 0 | G2: ='IMAGE SSP2-RCP2.6'!G2/O$14*O$13 -> 0 | H2: ='IMAGE SSP2-RCP2.6'!H2/P$14*P$13 -> 0 | K2: CC | L2: BI | M2: N | N2: P | O2: SOD | P2: FWU
B3: fk | C3: ='IMAGE SSP2-RCP2.6'!C3/K$14*K$13 -> 1.5928143 | D3: ='IMAGE SSP2-RCP2.6'!D3/L$14*L$13 -> 0.82073007 | E3: ='IMAGE SSP2-RCP2.6'!E3/M$14*M$13 -> 0.02974807 | F3: ='IMAGE SSP2-RCP2.6'!F3/N$14*N$13 -> 0.001734645 | G3: ='IMAGE SSP2-RCP2.6'!G3/O$14*O$13 -> 0.014400371 | H3: ='IMAGE SSP2-RCP2.6'!H3/P$14*P$13 -> 0.010401359 | J3: Roadmap-70 | K3: =C17/C9 -> 0.99816623 | L3: =D17/D9 -> 1.6049379 | M3: =E17/E9 -> 4.8392127 | N3: =F17/F9 -> 5.2192769 | O3: =G17/G9 -> 15.519343 | P3: =H17/H9 -> 1.5097076
B4: efuels | C4: ='IMAGE SSP2-RCP2.6'!C4/K$14*K$13 -> 0 | D4: ='IMAGE SSP2-RCP2.6'!D4/L$14*L$13 -> 0 | E4: ='IMAGE SSP2-RCP2.6'!E4/M$14*M$13 -> 0 | F4: ='IMAGE SSP2-RCP2.6'!F4/N$14*N$13 -> 0 | G4: ='IMAGE SSP2-RCP2.6'!G4/O$14*O$13 -> 0 | H4: ='IMAGE SSP2-RCP2.6'!H4/P$14*P$13 -> 0 | J4: Roadmap-30-Bio | K4: =C25/C9 -> 0.97695085 | L4: =D25/D9 -> 2.6735856 | M4: =E25/E9 -> 10.739619 | N4: =F25/F9 -> 12.595859 | O4: =G25/G9 -> 34.742801 | P4: =H25/H9 -> 2.3791346
B5: atj | C5: ='IMAGE SSP2-RCP2.6'!C5/K$14*K$13 -> 0 | D5: ='IMAGE SSP2-RCP2.6'!D5/L$14*L$13 -> 0 | E5: ='IMAGE SSP2-RCP2.6'!E5/M$14*M$13 -> 0 | F5: ='IMAGE SSP2-RCP2.6'!F5/N$14*N$13 -> 0 | G5: ='IMAGE SSP2-RCP2.6'!G5/O$14*O$13 -> 0 | H5: ='IMAGE SSP2-RCP2.6'!H5/P$14*P$13 -> 0 | J5: Roadmap-0 | K5: =C33/C9 -> 1.0166102 | L5: =D33/D9 -> 2.6126958 | M5: =E33/E9 -> 19.843497 | N5: =F33/F9 -> 19.403657 | O5: =G33/G9 -> 91.810293 | P5: =H33/H9 -> 2.6906352
B6: ft | C6: ='IMAGE SSP2-RCP2.6'!C6/K$14*K$13 -> 0 | D6: ='IMAGE SSP2-RCP2.6'!D6/L$14*L$13 -> 0 | E6: ='IMAGE SSP2-RCP2.6'!E6/M$14*M$13 -> 0 | F6: ='IMAGE SSP2-RCP2.6'!F6/N$14*N$13 -> 0 | G6: ='IMAGE SSP2-RCP2.6'!G6/O$14*O$13 -> 0 | H6: ='IMAGE SSP2-RCP2.6'!H6/P$14*P$13 -> 0 | J6: Roadmap-30-Efuel | K6: =C41/C9 -> 0.96137939 | L6: =D41/D9 -> 2.2348995 | M6: =E41/E9 -> 12.784728 | N6: =F41/F9 -> 10.603217 | O6: =G41/G9 -> 57.169527 | P6: =H41/H9 -> 2.2415474
B7: hefa | C7: ='IMAGE SSP2-RCP2.6'!C7/K$14*K$13 -> 0 | D7: ='IMAGE SSP2-RCP2.6'!D7/L$14*L$13 -> 0 | E7: ='IMAGE SSP2-RCP2.6'!E7/M$14*M$13 -> 0 | F7: ='IMAGE SSP2-RCP2.6'!F7/N$14*N$13 -> 0 | G7: ='IMAGE SSP2-RCP2.6'!G7/O$14*O$13 -> 0 | H7: ='IMAGE SSP2-RCP2.6'!H7/P$14*P$13 -> 0 | J7: Bio-Adv | K7: =C49/C9 -> 0.69998359 | L7: =D49/D9 -> 3.6435396 | M7: =E49/E9 -> 10.784766 | N7: =F49/F9 -> 19.664242 | O7: =G49/G9 -> 10.593346 | P7: =H49/H9 -> 3.0623124
B8: lh2 | C8: ='IMAGE SSP2-RCP2.6'!C8/K$14*K$13 -> 0 | D8: ='IMAGE SSP2-RCP2.6'!D8/L$14*L$13 -> 0 | E8: ='IMAGE SSP2-RCP2.6'!E8/M$14*M$13 -> 0 | F8: ='IMAGE SSP2-RCP2.6'!F8/N$14*N$13 -> 0 | G8: ='IMAGE SSP2-RCP2.6'!G8/O$14*O$13 -> 0 | H8: ='IMAGE SSP2-RCP2.6'!H8/P$14*P$13 -> 0 | J8: Bio-HEFA | K8: =C57/C9 -> 0.70949496 | L8: =D57/D9 -> 1.7961385 | M8: =E57/E9 -> 33.757174 | N8: =F57/F9 -> 42.289681 | O8: =G57/G9 -> 13.560314 | P8: =H57/H9 -> 6.1419984
B9: total | C9: ='IMAGE SSP2-RCP2.6'!C9/K$14*K$13 -> 2.5530952 | D9: ='IMAGE SSP2-RCP2.6'!D9/L$14*L$13 -> 1.3040844 | E9: ='IMAGE SSP2-RCP2.6'!E9/M$14*M$13 -> 0.02974807 | F9: ='IMAGE SSP2-RCP2.6'!F9/N$14*N$13 -> 0.001734645 | G9: ='IMAGE SSP2-RCP2.6'!G9/O$14*O$13 -> 0.014400371 | H9: ='IMAGE SSP2-RCP2.6'!H9/P$14*P$13 -> 0.010401359 | J9: Efuel-grid | K9: =C65/C9 -> 1.372145 | L9: =D65/D9 -> 2.0298694 | M9: =E65/E9 -> 24.564726 | N9: =F65/F9 -> 9.511812 | O9: =G65/G9 -> 150.36027 | P9: =H65/H9 -> 2.4511309
A10: Roadmap-70 | B10: fk_historical | C10: ='IMAGE SSP2-RCP2.6'!C10/K$14*K$13 -> 1.033283 | D10: ='IMAGE SSP2-RCP2.6'!D10/L$14*L$13 -> 0.52009974 | E10: ='IMAGE SSP2-RCP2.6'!E10/M$14*M$13 -> 0 | F10: ='IMAGE SSP2-RCP2.6'!F10/N$14*N$13 -> 0 | G10: ='IMAGE SSP2-RCP2.6'!G10/O$14*O$13 -> 0 | H10: ='IMAGE SSP2-RCP2.6'!H10/P$14*P$13 -> 0 | J10: Efuel-RES | K10: =C73/C9 -> 0.62739351 | L10: =D73/D9 -> 0.99796205 | M10: =E73/E9 -> 31.67208 | N10: =F73/F9 -> 13.318168 | O10: =G73/G9 -> 12.484777 | P10: =H73/H9 -> 0.86572151
B11: fk | C11: ='IMAGE SSP2-RCP2.6'!C11/K$14*K$13 -> 1.3956237 | D11: ='IMAGE SSP2-RCP2.6'!D11/L$14*L$13 -> 0.71635073 | E11: ='IMAGE SSP2-RCP2.6'!E11/M$14*M$13 -> 0.021722023 | F11: ='IMAGE SSP2-RCP2.6'!F11/N$14*N$13 -> 0.0012666367 | G11: ='IMAGE SSP2-RCP2.6'!G11/O$14*O$13 -> 0.010515142 | H11: ='IMAGE SSP2-RCP2.6'!H11/P$14*P$13 -> 0.0075950661
B12: efuels | C12: ='IMAGE SSP2-RCP2.6'!C12/K$14*K$13 -> 0.17064662 | D12: ='IMAGE SSP2-RCP2.6'!D12/L$14*L$13 -> 0.16116499 | E12: ='IMAGE SSP2-RCP2.6'!E12/M$14*M$13 -> 0.062225466 | F12: ='IMAGE SSP2-RCP2.6'!F12/N$14*N$13 -> 0.0014041201 | G12: ='IMAGE SSP2-RCP2.6'!G12/O$14*O$13 -> 0.18443585 | H12: ='IMAGE SSP2-RCP2.6'!H12/P$14*P$13 -> 0.002163363 | J12: shares | K12: CC | L12: BI | M12: N | N12: P | O12: SOD | P12: FWU
B13: atj | C13: ='IMAGE SSP2-RCP2.6'!C13/K$14*K$13 -> 0.087673943 | D13: ='IMAGE SSP2-RCP2.6'!D13/L$14*L$13 -> 0.33785375 | E13: ='IMAGE SSP2-RCP2.6'!E13/M$14*M$13 -> 0.012323757 | F13: ='IMAGE SSP2-RCP2.6'!F13/N$14*N$13 -> 0.0016567272 | G13: ='IMAGE SSP2-RCP2.6'!G13/O$14*O$13 -> 0.018354872 | H13: ='IMAGE SSP2-RCP2.6'!H13/P$14*P$13 -> 0.0019167549 | J13: FHN | K13: 0.9 | L13: 0.012 | M13: 0.02 | N13: 0.002 | O13: 2.2 | P13: 0.4
B14: ft | C14: ='IMAGE SSP2-RCP2.6'!C14/K$14*K$13 -> -0.069806751 | D14: ='IMAGE SSP2-RCP2.6'!D14/L$14*L$13 -> 0.38916177 | E14: ='IMAGE SSP2-RCP2.6'!E14/M$14*M$13 -> 0.0090260194 | F14: ='IMAGE SSP2-RCP2.6'!F14/N$14*N$13 -> 0.0020653812 | G14: ='IMAGE SSP2-RCP2.6'!G14/O$14*O$13 -> 0.0040441833 | H14: ='IMAGE SSP2-RCP2.6'!H14/P$14*P$13 -> 0.0017459291 | J14: GDP | K14: 2.9 | L14: 2.9 | M14: 2.9 | N14: 2.9 | O14: 2.9 | P14: 2.9
B15: hefa | C15: ='IMAGE SSP2-RCP2.6'!C15/K$14*K$13 -> 0.0039950413 | D15: ='IMAGE SSP2-RCP2.6'!D15/L$14*L$13 -> 0.0050889633 | E15: ='IMAGE SSP2-RCP2.6'!E15/M$14*M$13 -> 0.038659974 | F15: ='IMAGE SSP2-RCP2.6'!F15/N$14*N$13 -> 0.0026607275 | G15: ='IMAGE SSP2-RCP2.6'!G15/O$14*O$13 -> 0.0061342565 | H15: ='IMAGE SSP2-RCP2.6'!H15/P$14*P$13 -> 0.0022818978
B16: lh2 | C16: ='IMAGE SSP2-RCP2.6'!C16/K$14*K$13 -> 0 | D16: ='IMAGE SSP2-RCP2.6'!D16/L$14*L$13 -> 0 | E16: ='IMAGE SSP2-RCP2.6'!E16/M$14*M$13 -> 0 | F16: ='IMAGE SSP2-RCP2.6'!F16/N$14*N$13 -> 0 | G16: ='IMAGE SSP2-RCP2.6'!G16/O$14*O$13 -> 0 | H16: ='IMAGE SSP2-RCP2.6'!H16/P$14*P$13 -> 0
B17: total | C17: ='IMAGE SSP2-RCP2.6'!C17/K$14*K$13 -> 2.5484134 | D17: ='IMAGE SSP2-RCP2.6'!D17/L$14*L$13 -> 2.0929746 | E17: ='IMAGE SSP2-RCP2.6'!E17/M$14*M$13 -> 0.14395724 | F17: ='IMAGE SSP2-RCP2.6'!F17/N$14*N$13 -> 0.0090535927 | G17: ='IMAGE SSP2-RCP2.6'!G17/O$14*O$13 -> 0.2234843 | H17: ='IMAGE SSP2-RCP2.6'!H17/P$14*P$13 -> 0.015703011
A18: Roadmap-30-Bio | B18: fk_historical | C18: ='IMAGE SSP2-RCP2.6'!C18/K$14*K$13 -> 1.033283 | D18: ='IMAGE SSP2-RCP2.6'!D18/L$14*L$13 -> 0.52009974 | E18: ='IMAGE SSP2-RCP2.6'!E18/M$14*M$13 -> 0 | F18: ='IMAGE SSP2-RCP2.6'!F18/N$14*N$13 -> 0 | G18: ='IMAGE SSP2-RCP2.6'!G18/O$14*O$13 -> 0 | H18: ='IMAGE SSP2-RCP2.6'!H18/P$14*P$13 -> 0
B19: fk | C19: ='IMAGE SSP2-RCP2.6'!C19/K$14*K$13 -> 0.96814599 | D19: ='IMAGE SSP2-RCP2.6'!D19/L$14*L$13 -> 0.49265757 | E19: ='IMAGE SSP2-RCP2.6'!E19/M$14*M$13 -> 0.0083710785 | F19: ='IMAGE SSP2-RCP2.6'!F19/N$14*N$13 -> 0.00048812745 | G19: ='IMAGE SSP2-RCP2.6'!G19/O$14*O$13 -> 0.0040522507 | H19: ='IMAGE SSP2-RCP2.6'!H19/P$14*P$13 -> 0.0029269325
B20: efuels | C20: ='IMAGE SSP2-RCP2.6'!C20/K$14*K$13 -> 0.48145191 | D20: ='IMAGE SSP2-RCP2.6'!D20/L$14*L$13 -> 0.41165711 | E20: ='IMAGE SSP2-RCP2.6'!E20/M$14*M$13 -> 0.1399751 | F20: ='IMAGE SSP2-RCP2.6'!F20/N$14*N$13 -> 0.0031585437 | G20: ='IMAGE SSP2-RCP2.6'!G20/O$14*O$13 -> 0.41488523 | H20: ='IMAGE SSP2-RCP2.6'!H20/P$14*P$13 -> 0.0048664473
B21: atj | C21: ='IMAGE SSP2-RCP2.6'!C21/K$14*K$13 -> 0.32801961 | D21: ='IMAGE SSP2-RCP2.6'!D21/L$14*L$13 -> 1.0027526 | E21: ='IMAGE SSP2-RCP2.6'!E21/M$14*M$13 -> 0.035145085 | F21: ='IMAGE SSP2-RCP2.6'!F21/N$14*N$13 -> 0.0047246809 | G21: ='IMAGE SSP2-RCP2.6'!G21/O$14*O$13 -> 0.052344716 | H21: ='IMAGE SSP2-RCP2.6'!H21/P$14*P$13 -> 0.0054662322
B22: ft | C22: ='IMAGE SSP2-RCP2.6'!C22/K$14*K$13 -> -0.25877982 | D22: ='IMAGE SSP2-RCP2.6'!D22/L$14*L$13 -> 1.079766 | E22: ='IMAGE SSP2-RCP2.6'!E22/M$14*M$13 -> 0.025740546 | F22: ='IMAGE SSP2-RCP2.6'!F22/N$14*N$13 -> 0.005890087 | G22: ='IMAGE SSP2-RCP2.6'!G22/O$14*O$13 -> 0.011533266 | H22: ='IMAGE SSP2-RCP2.6'!H22/P$14*P$13 -> 0.0049790686
B23: hefa | C23: ='IMAGE SSP2-RCP2.6'!C23/K$14*K$13 -> 0.015129976 | D23: ='IMAGE SSP2-RCP2.6'!D23/L$14*L$13 -> 0.01639372 | E23: ='IMAGE SSP2-RCP2.6'!E23/M$14*M$13 -> 0.11025113 | F23: ='IMAGE SSP2-RCP2.6'!F23/N$14*N$13 -> 0.007587905 | G23: ='IMAGE SSP2-RCP2.6'!G23/O$14*O$13 -> 0.01749377 | H23: ='IMAGE SSP2-RCP2.6'!H23/P$14*P$13 -> 0.0065075527
B24: lh2 | C24: ='IMAGE SSP2-RCP2.6'!C24/K$14*K$13 -> 0 | D24: ='IMAGE SSP2-RCP2.6'!D24/L$14*L$13 -> 0 | E24: ='IMAGE SSP2-RCP2.6'!E24/M$14*M$13 -> 0 | F24: ='IMAGE SSP2-RCP2.6'!F24/N$14*N$13 -> 0 | G24: ='IMAGE SSP2-RCP2.6'!G24/O$14*O$13 -> 0 | H24: ='IMAGE SSP2-RCP2.6'!H24/P$14*P$13 -> 0
B25: total | C25: ='IMAGE SSP2-RCP2.6'!C25/K$14*K$13 -> 2.4942486 | D25: ='IMAGE SSP2-RCP2.6'!D25/L$14*L$13 -> 3.4865813 | E25: ='IMAGE SSP2-RCP2.6'!E25/M$14*M$13 -> 0.31948294 | F25: ='IMAGE SSP2-RCP2.6'!F25/N$14*N$13 -> 0.021849344 | G25: ='IMAGE SSP2-RCP2.6'!G25/O$14*O$13 -> 0.50030924 | H25: ='IMAGE SSP2-RCP2.6'!H25/P$14*P$13 -> 0.024746233
A26: Roadmap-0 | B26: fk_historical | C26: ='IMAGE SSP2-RCP2.6'!C26/K$14*K$13 -> 1.033283 | D26: ='IMAGE SSP2-RCP2.6'!D26/L$14*L$13 -> 0.52009974 | E26: ='IMAGE SSP2-RCP2.6'!E26/M$14*M$13 -> 0 | F26: ='IMAGE SSP2-RCP2.6'!F26/N$14*N$13 -> 0 | G26: ='IMAGE SSP2-RCP2.6'!G26/O$14*O$13 -> 0 | H26: ='IMAGE SSP2-RCP2.6'!H26/P$14*P$13 -> 0
B27: fk | C27: ='IMAGE SSP2-RCP2.6'!C27/K$14*K$13 -> 0.55515507 | D27: ='IMAGE SSP2-RCP2.6'!D27/L$14*L$13 -> 0.27943556 | E27: ='IMAGE SSP2-RCP2.6'!E27/M$14*M$13 -> 0 | F27: ='IMAGE SSP2-RCP2.6'!F27/N$14*N$13 -> 0 | G27: ='IMAGE SSP2-RCP2.6'!G27/O$14*O$13 -> 0 | H27: ='IMAGE SSP2-RCP2.6'!H27/P$14*P$13 -> 0
B28: efuels | C28: ='IMAGE SSP2-RCP2.6'!C28/K$14*K$13 -> 0.94091927 | D28: ='IMAGE SSP2-RCP2.6'!D28/L$14*L$13 -> 0.96574357 | E28: ='IMAGE SSP2-RCP2.6'!E28/M$14*M$13 -> 0.40684326 | F28: ='IMAGE SSP2-RCP2.6'!F28/N$14*N$13 -> 0.0091804341 | G28: ='IMAGE SSP2-RCP2.6'!G28/O$14*O$13 -> 1.2058806 | H28: ='IMAGE SSP2-RCP2.6'!H28/P$14*P$13 -> 0.014144525
B29: atj | C29: ='IMAGE SSP2-RCP2.6'!C29/K$14*K$13 -> 0.44470043 | D29: ='IMAGE SSP2-RCP2.6'!D29/L$14*L$13 -> 0.87326512 | E29: ='IMAGE SSP2-RCP2.6'!E29/M$14*M$13 -> 0.027248004 | F29: ='IMAGE SSP2-RCP2.6'!F29/N$14*N$13 -> 0.0036630477 | G29: ='IMAGE SSP2-RCP2.6'!G29/O$14*O$13 -> 0.040582887 | H29: ='IMAGE SSP2-RCP2.6'!H29/P$14*P$13 -> 0.0042379728
B30: ft | C30: ='IMAGE SSP2-RCP2.6'!C30/K$14*K$13 -> -0.34471397 | D30: ='IMAGE SSP2-RCP2.6'!D30/L$14*L$13 -> 0.76462003 | E30: ='IMAGE SSP2-RCP2.6'!E30/M$14*M$13 -> 0.019956659 | F30: ='IMAGE SSP2-RCP2.6'!F30/N$14*N$13 -> 0.0045665876 | G30: ='IMAGE SSP2-RCP2.6'!G30/O$14*O$13 -> 0.0089417476 | H30: ='IMAGE SSP2-RCP2.6'!H30/P$14*P$13 -> 0.0038602746
B31: hefa | C31: ='IMAGE SSP2-RCP2.6'!C31/K$14*K$13 -> 0.020937914 | D31: ='IMAGE SSP2-RCP2.6'!D31/L$14*L$13 -> 0.017344695 | E31: ='IMAGE SSP2-RCP2.6'!E31/M$14*M$13 -> 0.08547776 | F31: ='IMAGE SSP2-RCP2.6'!F31/N$14*N$13 -> 0.0058829069 | G31: ='IMAGE SSP2-RCP2.6'!G31/O$14*O$13 -> 0.01356293 | H31: ='IMAGE SSP2-RCP2.6'!H31/P$14*P$13 -> 0.0050453091
B32: lh2 | C32: ='IMAGE SSP2-RCP2.6'!C32/K$14*K$13 -> 0.018223061 | D32: ='IMAGE SSP2-RCP2.6'!D32/L$14*L$13 -> 0.023412645 | E32: ='IMAGE SSP2-RCP2.6'!E32/M$14*M$13 -> 0.050780041 | F32: ='IMAGE SSP2-RCP2.6'!F32/N$14*N$13 -> 0.010365481 | G32: ='IMAGE SSP2-RCP2.6'!G32/O$14*O$13 -> 0.053134146 | H32: ='IMAGE SSP2-RCP2.6'!H32/P$14*P$13 -> 0.00069818192
B33: total | C33: ='IMAGE SSP2-RCP2.6'!C33/K$14*K$13 -> 2.5955027 | D33: ='IMAGE SSP2-RCP2.6'!D33/L$14*L$13 -> 3.407176 | E33: ='IMAGE SSP2-RCP2.6'!E33/M$14*M$13 -> 0.59030572 | F33: ='IMAGE SSP2-RCP2.6'!F33/N$14*N$13 -> 0.033658457 | G33: ='IMAGE SSP2-RCP2.6'!G33/O$14*O$13 -> 1.3221023 | H33: ='IMAGE SSP2-RCP2.6'!H33/P$14*P$13 -> 0.027986263
A34: Roadmap-30-Efuel | B34: fk_historical | C34: ='IMAGE SSP2-RCP2.6'!C34/K$14*K$13 -> 1.033283 | D34: ='IMAGE SSP2-RCP2.6'!D34/L$14*L$13 -> 0.52009974 | E34: ='IMAGE SSP2-RCP2.6'!E34/M$14*M$13 -> 0 | F34: ='IMAGE SSP2-RCP2.6'!F34/N$14*N$13 -> 0 | G34: ='IMAGE SSP2-RCP2.6'!G34/O$14*O$13 -> 0 | H34: ='IMAGE SSP2-RCP2.6'!H34/P$14*P$13 -> 0
B35: fk | C35: ='IMAGE SSP2-RCP2.6'!C35/K$14*K$13 -> 1.0792065 | D35: ='IMAGE SSP2-RCP2.6'!D35/L$14*L$13 -> 0.54891278 | E35: ='IMAGE SSP2-RCP2.6'!E35/M$14*M$13 -> 0.0089244209 | F35: ='IMAGE SSP2-RCP2.6'!F35/N$14*N$13 -> 0.0005203935 | G35: ='IMAGE SSP2-RCP2.6'!G35/O$14*O$13 -> 0.0043201114 | H35: ='IMAGE SSP2-RCP2.6'!H35/P$14*P$13 -> 0.0031204077
B36: efuels | C36: ='IMAGE SSP2-RCP2.6'!C36/K$14*K$13 -> 0.34866734 | D36: ='IMAGE SSP2-RCP2.6'!D36/L$14*L$13 -> 0.48774121 | E36: ='IMAGE SSP2-RCP2.6'!E36/M$14*M$13 -> 0.25812639 | F36: ='IMAGE SSP2-RCP2.6'!F36/N$14*N$13 -> 0.0058246321 | G36: ='IMAGE SSP2-RCP2.6'!G36/O$14*O$13 -> 0.76508483 | H36: ='IMAGE SSP2-RCP2.6'!H36/P$14*P$13 -> 0.0089741564
B37: atj | C37: ='IMAGE SSP2-RCP2.6'!C37/K$14*K$13 -> 0.2490212 | D37: ='IMAGE SSP2-RCP2.6'!D37/L$14*L$13 -> 0.67975558 | E37: ='IMAGE SSP2-RCP2.6'!E37/M$14*M$13 -> 0.023261457 | F37: ='IMAGE SSP2-RCP2.6'!F37/N$14*N$13 -> 0.0031271217 | G37: ='IMAGE SSP2-RCP2.6'!G37/O$14*O$13 -> 0.034645366 | H37: ='IMAGE SSP2-RCP2.6'!H37/P$14*P$13 -> 0.0036179318
B38: ft | C38: ='IMAGE SSP2-RCP2.6'!C38/K$14*K$13 -> -0.19432292 | D38: ='IMAGE SSP2-RCP2.6'!D38/L$14*L$13 -> 0.70306472 | E38: ='IMAGE SSP2-RCP2.6'!E38/M$14*M$13 -> 0.01703688 | F38: ='IMAGE SSP2-RCP2.6'!F38/N$14*N$13 -> 0.0038984684 | G38: ='IMAGE SSP2-RCP2.6'!G38/O$14*O$13 -> 0.0076335161 | H38: ='IMAGE SSP2-RCP2.6'!H38/P$14*P$13 -> 0.0032954931
B39: hefa | C39: ='IMAGE SSP2-RCP2.6'!C39/K$14*K$13 -> 0.01164014 | D39: ='IMAGE SSP2-RCP2.6'!D39/L$14*L$13 -> 0.01166898 | E39: ='IMAGE SSP2-RCP2.6'!E39/M$14*M$13 -> 0.072971849 | F39: ='IMAGE SSP2-RCP2.6'!F39/N$14*N$13 -> 0.0050222022 | G39: ='IMAGE SSP2-RCP2.6'!G39/O$14*O$13 -> 0.011578591 | H39: ='IMAGE SSP2-RCP2.6'!H39/P$14*P$13 -> 0.00430715
B40: lh2 | C40: ='IMAGE SSP2-RCP2.6'!C40/K$14*K$13 -> 0 | D40: ='IMAGE SSP2-RCP2.6'!D40/L$14*L$13 -> 0 | E40: ='IMAGE SSP2-RCP2.6'!E40/M$14*M$13 -> 0 | F40: ='IMAGE SSP2-RCP2.6'!F40/N$14*N$13 -> 0 | G40: ='IMAGE SSP2-RCP2.6'!G40/O$14*O$13 -> 0 | H40: ='IMAGE SSP2-RCP2.6'!H40/P$14*P$13 -> 0
B41: total | C41: ='IMAGE SSP2-RCP2.6'!C41/K$14*K$13 -> 2.4544931 | D41: ='IMAGE SSP2-RCP2.6'!D41/L$14*L$13 -> 2.9144976 | E41: ='IMAGE SSP2-RCP2.6'!E41/M$14*M$13 -> 0.38032099 | F41: ='IMAGE SSP2-RCP2.6'!F41/N$14*N$13 -> 0.018392818 | G41: ='IMAGE SSP2-RCP2.6'!G41/O$14*O$13 -> 0.82326241 | H41: ='IMAGE SSP2-RCP2.6'!H41/P$14*P$13 -> 0.023315139
A42: Bio-Adv | B42: fk_historical | C42: ='IMAGE SSP2-RCP2.6'!C42/K$14*K$13 -> 1.033283 | D42: ='IMAGE SSP2-RCP2.6'!D42/L$14*L$13 -> 0.52009974 | E42: ='IMAGE SSP2-RCP2.6'!E42/M$14*M$13 -> 0 | F42: ='IMAGE SSP2-RCP2.6'!F42/N$14*N$13 -> 0 | G42: ='IMAGE SSP2-RCP2.6'!G42/O$14*O$13 -> 0 | H42: ='IMAGE SSP2-RCP2.6'!H42/P$14*P$13 -> 0
B43: fk | C43: ='IMAGE SSP2-RCP2.6'!C43/K$14*K$13 -> 0.63429099 | D43: ='IMAGE SSP2-RCP2.6'!D43/L$14*L$13 -> 0.31944953 | E43: ='IMAGE SSP2-RCP2.6'!E43/M$14*M$13 -> 0.00028374567 | F43: ='IMAGE SSP2-RCP2.6'!F43/N$14*N$13 -> 1.6545545e-05 | G43: ='IMAGE SSP2-RCP2.6'!G43/O$14*O$13 -> 0.0001373549 | H43: ='IMAGE SSP2-RCP2.6'!H43/P$14*P$13 -> 9.9211163e-05
B44: efuels | C44: ='IMAGE SSP2-RCP2.6'!C44/K$14*K$13 -> 0 | D44: ='IMAGE SSP2-RCP2.6'!D44/L$14*L$13 -> 0 | E44: ='IMAGE SSP2-RCP2.6'!E44/M$14*M$13 -> 0 | F44: ='IMAGE SSP2-RCP2.6'!F44/N$14*N$13 -> 0 | G44: ='IMAGE SSP2-RCP2.6'!G44/O$14*O$13 -> 0 | H44: ='IMAGE SSP2-RCP2.6'!H44/P$14*P$13 -> 0
B45: atj | C45: ='IMAGE SSP2-RCP2.6'!C45/K$14*K$13 -> 0.7483986 | D45: ='IMAGE SSP2-RCP2.6'!D45/L$14*L$13 -> 1.9456281 | E45: ='IMAGE SSP2-RCP2.6'!E45/M$14*M$13 -> 0.065827378 | F45: ='IMAGE SSP2-RCP2.6'!F45/N$14*N$13 -> 0.0088494124 | G45: ='IMAGE SSP2-RCP2.6'!G45/O$14*O$13 -> 0.098042596 | H45: ='IMAGE SSP2-RCP2.6'!H45/P$14*P$13 -> 0.010238351
B46: ft | C46: ='IMAGE SSP2-RCP2.6'!C46/K$14*K$13 -> -0.59047815 | D46: ='IMAGE SSP2-RCP2.6'!D46/L$14*L$13 -> 1.9691777 | E46: ='IMAGE SSP2-RCP2.6'!E46/M$14*M$13 -> 0.048212506 | F46: ='IMAGE SSP2-RCP2.6'!F46/N$14*N$13 -> 0.011032239 | G46: ='IMAGE SSP2-RCP2.6'!G46/O$14*O$13 -> 0.021602016 | H46: ='IMAGE SSP2-RCP2.6'!H46/P$14*P$13 -> 0.0093258851
B47: hefa | C47: ='IMAGE SSP2-RCP2.6'!C47/K$14*K$13 -> 0.034632427 | D47: ='IMAGE SSP2-RCP2.6'!D47/L$14*L$13 -> 0.033873651 | E47: ='IMAGE SSP2-RCP2.6'!E47/M$14*M$13 -> 0.20650235 | F47: ='IMAGE SSP2-RCP2.6'!F47/N$14*N$13 -> 0.014212283 | G47: ='IMAGE SSP2-RCP2.6'!G47/O$14*O$13 -> 0.032766147 | H47: ='IMAGE SSP2-RCP2.6'!H47/P$14*P$13 -> 0.012188763
B48: lh2 | C48: ='IMAGE SSP2-RCP2.6'!C48/K$14*K$13 -> 0 | D48: ='IMAGE SSP2-RCP2.6'!D48/L$14*L$13 -> 0 | E48: ='IMAGE SSP2-RCP2.6'!E48/M$14*M$13 -> 0 | F48: ='IMAGE SSP2-RCP2.6'!F48/N$14*N$13 -> 0 | G48: ='IMAGE SSP2-RCP2.6'!G48/O$14*O$13 -> 0 | H48: ='IMAGE SSP2-RCP2.6'!H48/P$14*P$13 -> 0
B49: total | C49: ='IMAGE SSP2-RCP2.6'!C49/K$14*K$13 -> 1.7871248 | D49: ='IMAGE SSP2-RCP2.6'!D49/L$14*L$13 -> 4.7514833 | E49: ='IMAGE SSP2-RCP2.6'!E49/M$14*M$13 -> 0.32082598 | F49: ='IMAGE SSP2-RCP2.6'!F49/N$14*N$13 -> 0.03411048 | G49: ='IMAGE SSP2-RCP2.6'!G49/O$14*O$13 -> 0.15254811 | H49: ='IMAGE SSP2-RCP2.6'!H49/P$14*P$13 -> 0.031852211
A50: Bio-HEFA | B50: fk_historical | C50: ='IMAGE SSP2-RCP2.6'!C50/K$14*K$13 -> 1.033283 | D50: ='IMAGE SSP2-RCP2.6'!D50/L$14*L$13 -> 0.52009974 | E50: ='IMAGE SSP2-RCP2.6'!E50/M$14*M$13 -> 0 | F50: ='IMAGE SSP2-RCP2.6'!F50/N$14*N$13 -> 0 | G50: ='IMAGE SSP2-RCP2.6'!G50/O$14*O$13 -> 0 | H50: ='IMAGE SSP2-RCP2.6'!H50/P$14*P$13 -> 0
B51: fk | C51: ='IMAGE SSP2-RCP2.6'!C51/K$14*K$13 -> 0.63429099 | D51: ='IMAGE SSP2-RCP2.6'!D51/L$14*L$13 -> 0.31944953 | E51: ='IMAGE SSP2-RCP2.6'!E51/M$14*M$13 -> 0.00028374567 | F51: ='IMAGE SSP2-RCP2.6'!F51/N$14*N$13 -> 1.6545545e-05 | G51: ='IMAGE SSP2-RCP2.6'!G51/O$14*O$13 -> 0.0001373549 | H51: ='IMAGE SSP2-RCP2.6'!H51/P$14*P$13 -> 9.9211163e-05
B52: efuels | C52: ='IMAGE SSP2-RCP2.6'!C52/K$14*K$13 -> 0 | D52: ='IMAGE SSP2-RCP2.6'!D52/L$14*L$13 -> 0 | E52: ='IMAGE SSP2-RCP2.6'!E52/M$14*M$13 -> 0 | F52: ='IMAGE SSP2-RCP2.6'!F52/N$14*N$13 -> 0 | G52: ='IMAGE SSP2-RCP2.6'!G52/O$14*O$13 -> 0 | H52: ='IMAGE SSP2-RCP2.6'!H52/P$14*P$13 -> 0
B53: atj | C53: ='IMAGE SSP2-RCP2.6'!C53/K$14*K$13 -> 0.26449484 | D53: ='IMAGE SSP2-RCP2.6'!D53/L$14*L$13 -> 0.68687053 | E53: ='IMAGE SSP2-RCP2.6'!E53/M$14*M$13 -> 0.023233192 | F53: ='IMAGE SSP2-RCP2.6'!F53/N$14*N$13 -> 0.003123322 | G53: ='IMAGE SSP2-RCP2.6'!G53/O$14*O$13 -> 0.034603269 | H53: ='IMAGE SSP2-RCP2.6'!H53/P$14*P$13 -> 0.0036135358
B54: ft | C54: ='IMAGE SSP2-RCP2.6'!C54/K$14*K$13 -> -0.20769302 | D54: ='IMAGE SSP2-RCP2.6'!D54/L$14*L$13 -> 0.69536179 | E54: ='IMAGE SSP2-RCP2.6'!E54/M$14*M$13 -> 0.017016179 | F54: ='IMAGE SSP2-RCP2.6'!F54/N$14*N$13 -> 0.0038937314 | G54: ='IMAGE SSP2-RCP2.6'!G54/O$14*O$13 -> 0.0076242408 | H54: ='IMAGE SSP2-RCP2.6'!H54/P$14*P$13 -> 0.0032914889
B55: hefa | C55: ='IMAGE SSP2-RCP2.6'!C55/K$14*K$13 -> 0.1600345 | D55: ='IMAGE SSP2-RCP2.6'!D55/L$14*L$13 -> 0.15728 | E55: ='IMAGE SSP2-RCP2.6'!E55/M$14*M$13 -> 0.96367764 | F55: ='IMAGE SSP2-RCP2.6'!F55/N$14*N$13 -> 0.066323986 | G55: ='IMAGE SSP2-RCP2.6'!G55/O$14*O$13 -> 0.15290869 | H55: ='IMAGE SSP2-RCP2.6'!H55/P$14*P$13 -> 0.056880895
B56: lh2 | C56: ='IMAGE SSP2-RCP2.6'!C56/K$14*K$13 -> 0 | D56: ='IMAGE SSP2-RCP2.6'!D56/L$14*L$13 -> 0 | E56: ='IMAGE SSP2-RCP2.6'!E56/M$14*M$13 -> 0 | F56: ='IMAGE SSP2-RCP2.6'!F56/N$14*N$13 -> 0 | G56: ='IMAGE SSP2-RCP2.6'!G56/O$14*O$13 -> 0 | H56: ='IMAGE SSP2-RCP2.6'!H56/P$14*P$13 -> 0
B57: total | C57: ='IMAGE SSP2-RCP2.6'!C57/K$14*K$13 -> 1.8114082 | D57: ='IMAGE SSP2-RCP2.6'!D57/L$14*L$13 -> 2.3423162 | E57: ='IMAGE SSP2-RCP2.6'!E57/M$14*M$13 -> 1.0042108 | F57: ='IMAGE SSP2-RCP2.6'!F57/N$14*N$13 -> 0.073357585 | G57: ='IMAGE SSP2-RCP2.6'!G57/O$14*O$13 -> 0.19527355 | H57: ='IMAGE SSP2-RCP2.6'!H57/P$14*P$13 -> 0.063885131
A58: Efuel-grid | B58: fk_historical | C58: ='IMAGE SSP2-RCP2.6'!C58/K$14*K$13 -> 1.033283 | D58: ='IMAGE SSP2-RCP2.6'!D58/L$14*L$13 -> 0.52009974 | E58: ='IMAGE SSP2-RCP2.6'!E58/M$14*M$13 -> 0 | F58: ='IMAGE SSP2-RCP2.6'!F58/N$14*N$13 -> 0 | G58: ='IMAGE SSP2-RCP2.6'!G58/O$14*O$13 -> 0 | H58: ='IMAGE SSP2-RCP2.6'!H58/P$14*P$13 -> 0
B59: fk | C59: ='IMAGE SSP2-RCP2.6'!C59/K$14*K$13 -> 0.63429099 | D59: ='IMAGE SSP2-RCP2.6'!D59/L$14*L$13 -> 0.31944953 | E59: ='IMAGE SSP2-RCP2.6'!E59/M$14*M$13 -> 0.00028374567 | F59: ='IMAGE SSP2-RCP2.6'!F59/N$14*N$13 -> 1.6545545e-05 | G59: ='IMAGE SSP2-RCP2.6'!G59/O$14*O$13 -> 0.0001373549 | H59: ='IMAGE SSP2-RCP2.6'!H59/P$14*P$13 -> 9.9211163e-05
B60: efuels | C60: ='IMAGE SSP2-RCP2.6'!C60/K$14*K$13 -> 1.9086451 | D60: ='IMAGE SSP2-RCP2.6'!D60/L$14*L$13 -> 1.8443172 | E60: ='IMAGE SSP2-RCP2.6'!E60/M$14*M$13 -> 0.73046944 | F60: ='IMAGE SSP2-RCP2.6'!F60/N$14*N$13 -> 0.016483072 | G60: ='IMAGE SSP2-RCP2.6'!G60/O$14*O$13 -> 2.1651064 | H60: ='IMAGE SSP2-RCP2.6'!H60/P$14*P$13 -> 0.025395881
B61: atj | C61: ='IMAGE SSP2-RCP2.6'!C61/K$14*K$13 -> 0 | D61: ='IMAGE SSP2-RCP2.6'!D61/L$14*L$13 -> 0 | E61: ='IMAGE SSP2-RCP2.6'!E61/M$14*M$13 -> 0 | F61: ='IMAGE SSP2-RCP2.6'!F61/N$14*N$13 -> 0 | G61: ='IMAGE SSP2-RCP2.6'!G61/O$14*O$13 -> 0 | H61: ='IMAGE SSP2-RCP2.6'!H61/P$14*P$13 -> 0
B62: ft | C62: ='IMAGE SSP2-RCP2.6'!C62/K$14*K$13 -> 0 | D62: ='IMAGE SSP2-RCP2.6'!D62/L$14*L$13 -> 0 | E62: ='IMAGE SSP2-RCP2.6'!E62/M$14*M$13 -> 0 | F62: ='IMAGE SSP2-RCP2.6'!F62/N$14*N$13 -> 0 | G62: ='IMAGE SSP2-RCP2.6'!G62/O$14*O$13 -> 0 | H62: ='IMAGE SSP2-RCP2.6'!H62/P$14*P$13 -> 0
B63: hefa | C63: ='IMAGE SSP2-RCP2.6'!C63/K$14*K$13 -> 0 | D63: ='IMAGE SSP2-RCP2.6'!D63/L$14*L$13 -> 0 | E63: ='IMAGE SSP2-RCP2.6'!E63/M$14*M$13 -> 0 | F63: ='IMAGE SSP2-RCP2.6'!F63/N$14*N$13 -> 0 | G63: ='IMAGE SSP2-RCP2.6'!G63/O$14*O$13 -> 0 | H63: ='IMAGE SSP2-RCP2.6'!H63/P$14*P$13 -> 0
B64: lh2 | C64: ='IMAGE SSP2-RCP2.6'!C64/K$14*K$13 -> 0 | D64: ='IMAGE SSP2-RCP2.6'!D64/L$14*L$13 -> 0 | E64: ='IMAGE SSP2-RCP2.6'!E64/M$14*M$13 -> 0 | F64: ='IMAGE SSP2-RCP2.6'!F64/N$14*N$13 -> 0 | G64: ='IMAGE SSP2-RCP2.6'!G64/O$14*O$13 -> 0 | H64: ='IMAGE SSP2-RCP2.6'!H64/P$14*P$13 -> 0
B65: total | C65: ='IMAGE SSP2-RCP2.6'!C65/K$14*K$13 -> 3.503217 | D65: ='IMAGE SSP2-RCP2.6'!D65/L$14*L$13 -> 2.6471211 | E65: ='IMAGE SSP2-RCP2.6'!E65/M$14*M$13 -> 0.73075319 | F65: ='IMAGE SSP2-RCP2.6'!F65/N$14*N$13 -> 0.016499617 | G65: ='IMAGE SSP2-RCP2.6'!G65/O$14*O$13 -> 2.1652437 | H65: ='IMAGE SSP2-RCP2.6'!H65/P$14*P$13 -> 0.025495092
A66: Efuel-RES | B66: fk_historical | C66: ='IMAGE SSP2-RCP2.6'!C66/K$14*K$13 -> 1.033283 | D66: ='IMAGE SSP2-RCP2.6'!D66/L$14*L$13 -> 0.52009974 | E66: ='IMAGE SSP2-RCP2.6'!E66/M$14*M$13 -> 0 | F66: ='IMAGE SSP2-RCP2.6'!F66/N$14*N$13 -> 0 | G66: ='IMAGE SSP2-RCP2.6'!G66/O$14*O$13 -> 0 | H66: ='IMAGE SSP2-RCP2.6'!H66/P$14*P$13 -> 0
B67: fk | C67: ='IMAGE SSP2-RCP2.6'!C67/K$14*K$13 -> 0.63429099 | D67: ='IMAGE SSP2-RCP2.6'!D67/L$14*L$13 -> 0.31944953 | E67: ='IMAGE SSP2-RCP2.6'!E67/M$14*M$13 -> 0.00028374567 | F67: ='IMAGE SSP2-RCP2.6'!F67/N$14*N$13 -> 1.6545545e-05 | G67: ='IMAGE SSP2-RCP2.6'!G67/O$14*O$13 -> 0.0001373549 | H67: ='IMAGE SSP2-RCP2.6'!H67/P$14*P$13 -> 9.9211163e-05
B68: efuels | C68: ='IMAGE SSP2-RCP2.6'!C68/K$14*K$13 -> 0.0072235027 | D68: ='IMAGE SSP2-RCP2.6'!D68/L$14*L$13 -> 0.49862289 | E68: ='IMAGE SSP2-RCP2.6'!E68/M$14*M$13 -> 0.94189951 | F68: ='IMAGE SSP2-RCP2.6'!F68/N$14*N$13 -> 0.023085747 | G68: ='IMAGE SSP2-RCP2.6'!G68/O$14*O$13 -> 0.17964806 | H68: ='IMAGE SSP2-RCP2.6'!H68/P$14*P$13 -> 0.0089054691
B69: atj | C69: ='IMAGE SSP2-RCP2.6'!C69/K$14*K$13 -> 0 | D69: ='IMAGE SSP2-RCP2.6'!D69/L$14*L$13 -> 0 | E69: ='IMAGE SSP2-RCP2.6'!E69/M$14*M$13 -> 0 | F69: ='IMAGE SSP2-RCP2.6'!F69/N$14*N$13 -> 0 | G69: ='IMAGE SSP2-RCP2.6'!G69/O$14*O$13 -> 0 | H69: ='IMAGE SSP2-RCP2.6'!H69/P$14*P$13 -> 0
B70: ft | C70: ='IMAGE SSP2-RCP2.6'!C70/K$14*K$13 -> 0 | D70: ='IMAGE SSP2-RCP2.6'!D70/L$14*L$13 -> 0 | E70: ='IMAGE SSP2-RCP2.6'!E70/M$14*M$13 -> 0 | F70: ='IMAGE SSP2-RCP2.6'!F70/N$14*N$13 -> 0 | G70: ='IMAGE SSP2-RCP2.6'!G70/O$14*O$13 -> 0 | H70: ='IMAGE SSP2-RCP2.6'!H70/P$14*P$13 -> 0
B71: hefa | C71: ='IMAGE SSP2-RCP2.6'!C71/K$14*K$13 -> 0 | D71: ='IMAGE SSP2-RCP2.6'!D71/L$14*L$13 -> 0 | E71: ='IMAGE SSP2-RCP2.6'!E71/M$14*M$13 -> 0 | F71: ='IMAGE SSP2-RCP2.6'!F71/N$14*N$13 -> 0 | G71: ='IMAGE SSP2-RCP2.6'!G71/O$14*O$13 -> 0 | H71: ='IMAGE SSP2-RCP2.6'!H71/P$14*P$13 -> 0
B72: lh2 | C72: ='IMAGE SSP2-RCP2.6'!C72/K$14*K$13 -> 0 | D72: ='IMAGE SSP2-RCP2.6'!D72/L$14*L$13 -> 0 | E72: ='IMAGE SSP2-RCP2.6'!E72/M$14*M$13 -> 0 | F72: ='IMAGE SSP2-RCP2.6'!F72/N$14*N$13 -> 0 | G72: ='IMAGE SSP2-RCP2.6'!G72/O$14*O$13 -> 0 | H72: ='IMAGE SSP2-RCP2.6'!H72/P$14*P$13 -> 0
B73: total | C73: ='IMAGE SSP2-RCP2.6'!C73/K$14*K$13 -> 1.6017954 | D73: ='IMAGE SSP2-RCP2.6'!D73/L$14*L$13 -> 1.3014268 | E73: ='IMAGE SSP2-RCP2.6'!E73/M$14*M$13 -> 0.94218325 | F73: ='IMAGE SSP2-RCP2.6'!F73/N$14*N$13 -> 0.023102293 | G73: ='IMAGE SSP2-RCP2.6'!G73/O$14*O$13 -> 0.17978542 | H73: ='IMAGE SSP2-RCP2.6'!H73/P$14*P$13 -> 0.0090046803
